-- phpMyAdmin SQL Dump
-- version 5.0.3
-- https://www.phpmyadmin.net/
--
-- Host: localhost
-- Generation Time: Sep 22, 2021 at 07:01 PM
-- Server version: 10.4.14-MariaDB
-- PHP Version: 7.4.11

SET SQL_MODE = "NO_AUTO_VALUE_ON_ZERO";
START TRANSACTION;
SET time_zone = "+00:00";


/*!40101 SET @OLD_CHARACTER_SET_CLIENT=@@CHARACTER_SET_CLIENT */;
/*!40101 SET @OLD_CHARACTER_SET_RESULTS=@@CHARACTER_SET_RESULTS */;
/*!40101 SET @OLD_COLLATION_CONNECTION=@@COLLATION_CONNECTION */;
/*!40101 SET NAMES utf8mb4 */;

--
-- Database: `kenya_places_api`
--

-- --------------------------------------------------------

--
-- Table structure for table `constituencies`
--

CREATE TABLE `constituencies` (
  `id` int(11) NOT NULL,
  `county_code` int(11) DEFAULT NULL,
  `constituency_code` int(11) DEFAULT NULL,
  `constituency_name` varchar(255) DEFAULT NULL
) ENGINE=InnoDB DEFAULT CHARSET=utf8mb4;

--
-- Dumping data for table `constituencies`
--

INSERT INTO `constituencies` (`id`, `county_code`, `constituency_code`, `constituency_name`) VALUES
(1, 1, 1, 'Changamwe'),
(2, 1, 2, 'Jomvu'),
(3, 1, 3, 'Kisauni'),
(4, 1, 4, 'Nyali'),
(5, 1, 5, 'Likoni'),
(6, 1, 6, 'Mvita'),
(7, 2, 7, 'Msambweni'),
(8, 2, 8, 'Lungalunga'),
(9, 2, 9, 'Matuga'),
(10, 2, 10, 'Kinango'),
(11, 3, 11, 'Kilifi North'),
(12, 3, 12, 'Kilifi South'),
(13, 3, 13, 'Kaloleni'),
(14, 3, 14, 'Rabai'),
(15, 3, 15, 'Ganze'),
(16, 3, 16, 'Malindi'),
(17, 3, 17, 'Magarini'),
(18, 4, 18, 'Garsen'),
(19, 4, 19, 'Galole'),
(20, 4, 20, 'Bura'),
(21, 5, 21, 'Lamu East'),
(22, 5, 22, 'Lamu West'),
(23, 6, 23, 'Taveta'),
(24, 6, 24, 'Wundanyi'),
(25, 6, 25, 'Mwatate'),
(26, 6, 26, 'Voi'),
(27, 7, 27, 'Garissa Township'),
(28, 7, 28, 'Balambala'),
(29, 7, 29, 'Lagdera'),
(30, 7, 30, 'Dadaab'),
(31, 7, 31, 'Fafi'),
(32, 7, 32, 'Ijara'),
(33, 8, 33, 'Wajir North'),
(34, 8, 34, 'Wajir East'),
(35, 8, 35, 'Tarbaj'),
(36, 8, 36, 'Wajir West'),
(37, 8, 37, 'Eldas'),
(38, 8, 38, 'Wajir South'),
(39, 9, 39, 'Mandera West'),
(40, 9, 40, 'Banissa'),
(41, 9, 41, 'Mandera North'),
(42, 9, 42, 'Mandera South'),
(43, 9, 43, 'Mandera East'),
(44, 9, 44, 'Lafey'),
(45, 10, 45, 'Moyale'),
(46, 10, 46, 'North Horr'),
(47, 10, 47, 'Saku'),
(48, 10, 48, 'Laisamis'),
(49, 11, 49, 'Isiolo North'),
(50, 11, 50, 'Isiolo South'),
(51, 12, 51, 'Igembe South'),
(52, 12, 52, 'Igembe Central'),
(53, 12, 53, 'Igembe North'),
(54, 12, 54, 'Tigania West'),
(55, 12, 55, 'Tigania East'),
(56, 12, 56, 'North Imenti'),
(57, 12, 57, 'Buuri'),
(58, 12, 58, 'Central Imenti'),
(59, 12, 59, 'South Imenti'),
(60, 13, 60, 'Maara'),
(61, 13, 61, 'Chuka/Igambangombe'),
(62, 13, 62, 'Tharaka'),
(63, 14, 63, 'Manyatta'),
(64, 14, 64, 'Runyenjes'),
(65, 14, 65, 'Mbeere South'),
(66, 14, 66, 'Mbeere North'),
(67, 15, 67, 'Mwingi North'),
(68, 15, 68, 'Mwingi West'),
(69, 15, 69, 'Mwingi Central'),
(70, 15, 70, 'Kitui West'),
(71, 15, 71, 'Kitui Rural'),
(72, 15, 72, 'Kitui Central'),
(73, 15, 73, 'Kitui East'),
(74, 15, 74, 'Kitui South'),
(75, 16, 75, 'Masinga'),
(76, 16, 76, 'Yatta'),
(77, 16, 77, 'Kangundo'),
(78, 16, 78, 'Matungulu'),
(79, 16, 79, 'Kathiani'),
(80, 16, 80, 'Mavoko'),
(81, 16, 81, 'Machakos Town'),
(82, 16, 82, 'Mwala'),
(83, 17, 83, 'Mbooni'),
(84, 17, 84, 'Kilome'),
(85, 17, 85, 'Kaiti'),
(86, 17, 86, 'Makueni'),
(87, 17, 87, 'Kibwezi West'),
(88, 17, 88, 'Kibwezi East'),
(89, 18, 89, 'Kinangop'),
(90, 18, 90, 'Kipipiri'),
(91, 18, 91, 'Ol Kalou'),
(92, 18, 92, 'Ol Jorok'),
(93, 18, 93, 'Ndaragwa'),
(94, 19, 94, 'Tetu'),
(95, 19, 95, 'Kieni'),
(96, 19, 96, 'Mathira'),
(97, 19, 97, 'Othaya'),
(98, 19, 98, 'Mukurweini'),
(99, 19, 99, 'Nyeri Town'),
(100, 20, 100, 'Mwea'),
(101, 20, 101, 'Gichugu'),
(102, 20, 102, 'Ndia'),
(103, 20, 103, 'Kirinyaga Central'),
(104, 21, 104, 'Kangema'),
(105, 21, 105, 'Mathioya'),
(106, 21, 106, 'Kiharu'),
(107, 21, 107, 'Kigumo'),
(108, 21, 108, 'Maragwa'),
(109, 21, 109, 'Kandara'),
(110, 21, 110, 'Gatanga'),
(111, 22, 111, 'Gatundu South'),
(112, 22, 112, 'Gatundu North'),
(113, 22, 113, 'Juja'),
(114, 22, 114, 'Thika Town'),
(115, 22, 115, 'Ruiru'),
(116, 22, 116, 'Githunguri'),
(117, 22, 117, 'Kiambu'),
(118, 22, 118, 'Kiambaa'),
(119, 22, 119, 'Kabete'),
(120, 22, 120, 'Kikuyu'),
(121, 22, 121, 'Limuru'),
(122, 22, 122, 'Lari'),
(123, 23, 123, 'Turkana North'),
(124, 23, 124, 'Turkana West'),
(125, 23, 125, 'Turkana Central'),
(126, 23, 126, 'Loima'),
(127, 23, 127, 'Turkana South'),
(128, 23, 128, 'Turkana East'),
(129, 24, 129, 'Kapenguria'),
(130, 24, 130, 'Sigor'),
(131, 24, 131, 'Kacheliba'),
(132, 24, 132, 'Pokot South'),
(133, 25, 133, 'Samburu West'),
(134, 25, 134, 'Samburu North'),
(135, 25, 135, 'Samburu East'),
(136, 26, 136, 'Kwanza'),
(137, 26, 137, 'Endebess'),
(138, 26, 138, 'Saboti'),
(139, 26, 139, 'Kiminini'),
(140, 26, 140, 'Cherangany'),
(141, 27, 141, 'Soy'),
(142, 27, 142, 'Turbo'),
(143, 27, 143, 'Moiben'),
(144, 27, 144, 'Ainabkoi'),
(145, 27, 145, 'Kapseret'),
(146, 27, 146, 'Kesses'),
(147, 28, 147, 'Marakwet East'),
(148, 28, 148, 'Marakwet West'),
(149, 28, 149, 'Keiyo North'),
(150, 28, 150, 'Keiyo South'),
(151, 29, 151, 'Tinderet'),
(152, 29, 152, 'Aldai'),
(153, 29, 153, 'Nandi Hills'),
(154, 29, 154, 'Chesumei'),
(155, 29, 155, 'Emgwen'),
(156, 29, 156, 'Mosop'),
(157, 30, 157, 'Tiaty'),
(158, 30, 158, 'Baringo  North'),
(159, 30, 159, 'Baringo Central'),
(160, 30, 160, 'Baringo South'),
(161, 30, 161, 'Mogotio'),
(162, 30, 162, 'Eldama Ravine'),
(163, 31, 163, 'Laikipia West'),
(164, 31, 164, 'Laikipia East'),
(165, 31, 165, 'Laikipia North'),
(166, 32, 166, 'Molo'),
(167, 32, 167, 'Njoro'),
(168, 32, 168, 'Naivasha'),
(169, 32, 169, 'Gilgil'),
(170, 32, 170, 'Kuresoi South'),
(171, 32, 171, 'Kuresoi North'),
(172, 32, 172, 'Subukia'),
(173, 32, 173, 'Rongai'),
(174, 32, 174, 'Bahati'),
(175, 32, 175, 'Nakuru Town West'),
(176, 32, 176, 'Nakuru Town East'),
(177, 33, 177, 'Kilgoris'),
(178, 33, 178, 'Emurua Dikirr'),
(179, 33, 179, 'Narok North'),
(180, 33, 180, 'Narok East'),
(181, 33, 181, 'Narok South'),
(182, 33, 182, 'Narok West'),
(183, 34, 183, 'Kajiado North'),
(184, 34, 184, 'Kajiado Central'),
(185, 34, 185, 'Kajiado East'),
(186, 34, 186, 'Kajiado West'),
(187, 34, 187, 'Kajiado South'),
(188, 35, 188, 'Kipkelion East'),
(189, 35, 189, 'Kipkelion West'),
(190, 35, 190, 'Ainamoi'),
(191, 35, 191, 'Bureti'),
(192, 35, 192, 'Belgut'),
(193, 35, 193, 'Sigowet/Soin'),
(194, 36, 194, 'Sotik'),
(195, 36, 195, 'Chepalungu'),
(196, 36, 196, 'Bomet East'),
(197, 36, 197, 'Bomet Central'),
(198, 36, 198, 'Konoin'),
(199, 37, 199, 'Lugari'),
(200, 37, 200, 'Likuyani'),
(201, 37, 201, 'Malava'),
(202, 37, 202, 'Lurambi'),
(203, 37, 203, 'Navakholo'),
(204, 37, 204, 'Mumias West'),
(205, 37, 205, 'Mumias East'),
(206, 37, 206, 'Matungu'),
(207, 37, 207, 'Butere'),
(208, 37, 208, 'Khwisero'),
(209, 37, 209, 'Shinyalu'),
(210, 37, 210, 'Ikolomani'),
(211, 38, 211, 'Vihiga'),
(212, 38, 212, 'Sabatia'),
(213, 38, 213, 'Hamisi'),
(214, 38, 214, 'Luanda'),
(215, 38, 215, 'Emuhaya'),
(216, 39, 216, 'Mt. Elgon'),
(217, 39, 217, 'Sirisia'),
(218, 39, 218, 'Kabuchai'),
(219, 39, 219, 'Bumula'),
(220, 39, 220, 'Kanduyi'),
(221, 39, 221, 'Webuye East'),
(222, 39, 222, 'Webuye West'),
(223, 39, 223, 'Kimilili'),
(224, 39, 224, 'Tongaren'),
(225, 40, 225, 'Teso North'),
(226, 40, 226, 'Teso South'),
(227, 40, 227, 'Nambale'),
(228, 40, 228, 'Matayos'),
(229, 40, 229, 'Butula'),
(230, 40, 230, 'Funyula'),
(231, 40, 231, 'Budalangi'),
(232, 41, 232, 'Ugenya'),
(233, 41, 233, 'Ugunja'),
(234, 41, 234, 'Alego Usonga'),
(235, 41, 235, 'Gem'),
(236, 41, 236, 'Bondo'),
(237, 41, 237, 'Rarieda'),
(238, 42, 238, 'Kisumu East'),
(239, 42, 239, 'Kisumu West'),
(240, 42, 240, 'Kisumu Central'),
(241, 42, 241, 'Seme'),
(242, 42, 242, 'Nyando'),
(243, 42, 243, 'Muhoroni'),
(244, 42, 244, 'Nyakach'),
(245, 43, 245, 'Kasipul'),
(246, 43, 246, 'Kabondo Kasipul'),
(247, 43, 247, 'Karachuonyo'),
(248, 43, 248, 'Rangwe'),
(249, 43, 249, 'Homa Bay Town'),
(250, 43, 250, 'Ndhiwa'),
(251, 43, 251, 'Suba North'),
(252, 43, 252, 'Suba South'),
(253, 44, 253, 'Rongo'),
(254, 44, 254, 'Awendo'),
(255, 44, 255, 'Suna East'),
(256, 44, 256, 'Suna West'),
(257, 44, 257, 'Uriri'),
(258, 44, 258, 'Nyatike'),
(259, 44, 259, 'Kuria West'),
(260, 44, 260, 'Kuria East'),
(261, 45, 261, 'Bonchari'),
(262, 45, 262, 'South Mugirango'),
(263, 45, 263, 'Bomachoge Borabu'),
(264, 45, 264, 'Bobasi'),
(265, 45, 265, 'Bomachoge Chache'),
(266, 45, 266, 'Nyaribari Masaba'),
(267, 45, 267, 'Nyaribari Chache'),
(268, 45, 268, 'Kitutu Chache North'),
(269, 45, 269, 'Kitutu Chache South'),
(270, 46, 270, 'Kitutu Masaba'),
(271, 46, 271, 'West Mugirango'),
(272, 46, 272, 'North Mugirango'),
(273, 46, 273, 'Borabu'),
(274, 47, 274, 'Westlands'),
(275, 47, 275, 'Dagoretti North'),
(276, 47, 276, 'Dagoretti South'),
(277, 47, 277, 'Langata'),
(278, 47, 278, 'Kibra'),
(279, 47, 279, 'Roysambu'),
(280, 47, 280, 'Kasarani'),
(281, 47, 281, 'Ruaraka'),
(282, 47, 282, 'Embakasi South'),
(283, 47, 283, 'Embakasi North'),
(284, 47, 284, 'Embakasi Central'),
(285, 47, 285, 'Embakasi East'),
(286, 47, 286, 'Embakasi West'),
(287, 47, 287, 'Makadara'),
(288, 47, 288, 'Kamukunji'),
(289, 47, 289, 'Starehe'),
(290, 47, 290, 'Mathare'),
(291, 48, 291, 'Diaspora'),
(292, 49, 292, 'Prisons');

-- --------------------------------------------------------

--
-- Table structure for table `counties`
--

CREATE TABLE `counties` (
  `id` int(11) NOT NULL,
  `county_code` int(11) DEFAULT NULL,
  `county_name` varchar(255) DEFAULT NULL,
  `capital_city` varchar(255) DEFAULT NULL,
  `former_province_entry_id` int(255) NOT NULL
) ENGINE=InnoDB DEFAULT CHARSET=utf8mb4;

--
-- Dumping data for table `counties`
--

INSERT INTO `counties` (`id`, `county_code`, `county_name`, `capital_city`, `former_province_entry_id`) VALUES
(1, 1, 'Mombasa', 'Mombasa (City)', 1),
(2, 2, 'Kwale', 'Kwale', 1),
(3, 3, 'Kilifi', 'Kilifi', 1),
(4, 4, 'Tana River', 'Hola', 1),
(5, 5, 'Lamu', 'Lamu', 1),
(6, 6, 'Taita Taveta', 'Voi', 1),
(7, 7, 'Garissa', 'Garissa', 2),
(8, 8, 'Wajir', 'Wajir', 2),
(9, 9, 'Mandera', 'Mandera', 2),
(10, 10, 'Marsabit', 'Marsabit', 3),
(11, 11, 'Isiolo', 'Isiolo', 3),
(12, 12, 'Meru', 'Meru', 3),
(13, 13, 'Tharaka Nithi', 'Chuka', 3),
(14, 14, 'Embu', 'Embu', 3),
(15, 15, 'Kitui', 'Kitui', 3),
(16, 16, 'Machakos', 'Machakos', 3),
(17, 17, 'Makueni', 'Wote', 3),
(18, 18, 'Nyandarua', 'Ol Kalou', 4),
(19, 19, 'Nyeri', 'Nyeri', 4),
(20, 20, 'Kirinyaga', 'Kerugoya/Kutus', 4),
(21, 21, 'Muranga', 'Muranga', 4),
(22, 22, 'Kiambu', 'Kiambu', 4),
(23, 23, 'Turkana', 'Lodwar', 5),
(24, 24, 'West Pokot', 'Kapenguria', 5),
(25, 25, 'Samburu', 'Maralal', 5),
(26, 26, 'Trans Nzoia', 'Kitale', 5),
(27, 27, 'Uasin Gishu', 'Eldoret', 5),
(28, 28, 'Elgeyo Marakwet', 'Iten', 5),
(29, 29, 'Nandi', 'Kapsabet', 5),
(30, 30, 'Baringo', 'Kabarnet', 5),
(31, 31, 'Laikipia', 'Rumuruti', 5),
(32, 32, 'Nakuru', 'Nakuru', 5),
(33, 33, 'Narok', 'Narok', 5),
(34, 34, 'Kajiado', 'Kajiado', 5),
(35, 35, 'Kericho', 'Kericho', 5),
(36, 36, 'Bomet', 'Bomet', 6),
(37, 37, 'Kakamega', 'Kakamega', 6),
(38, 38, 'Vihiga', 'Vihiga', 6),
(39, 39, 'Bungoma', 'Bungoma', 6),
(40, 40, 'Busia', 'Busia', 7),
(41, 41, 'Siaya', 'Siaya', 7),
(42, 42, 'Kisumu', 'Kisumu', 7),
(43, 43, 'Homa Bay', 'Homa Bay', 7),
(44, 44, 'Migori', 'Migori', 7),
(45, 45, 'Kisii', 'Kisii', 7),
(46, 46, 'Nyamira', 'Nyamira', 7),
(47, 47, 'Nairobi', 'Nairobi (City)', 8),
(48, 48, 'Diaspora', 'Diaspora', 0),
(49, 49, 'Prisons', 'Prisons', 0);

-- --------------------------------------------------------

--
-- Table structure for table `former_provinces`
--

CREATE TABLE `former_provinces` (
  `entry_id` int(255) NOT NULL,
  `province_name` varchar(255) NOT NULL,
  `province_id` varchar(255) NOT NULL
) ENGINE=InnoDB DEFAULT CHARSET=utf8mb4;

--
-- Dumping data for table `former_provinces`
--

INSERT INTO `former_provinces` (`entry_id`, `province_name`, `province_id`) VALUES
(1, 'Coast', '1.1'),
(2, 'North Eastern', '1.2'),
(3, 'Eastern', '1.3'),
(4, 'Central', '1.4'),
(5, 'Rift Valley', '1.5'),
(6, 'Western', '1.6'),
(7, 'Nyanza', '1.7'),
(8, 'Nairobi', '1.8');

-- --------------------------------------------------------

--
-- Table structure for table `postal_codes`
--

CREATE TABLE `postal_codes` (
  `entry_id` int(11) NOT NULL,
  `postal_code` varchar(200) NOT NULL,
  `office` text NOT NULL,
  `county_code` varchar(200) NOT NULL
) ENGINE=InnoDB DEFAULT CHARSET=utf8mb4;

--
-- Dumping data for table `postal_codes`
--

INSERT INTO `postal_codes` (`entry_id`, `postal_code`, `office`, `county_code`) VALUES
(1, '00204', 'Athi River', '16'),
(2, '01101', 'Bissil', '47'),
(3, '00515', 'Buru Buru', '47'),
(4, '00200', 'City Square', '47'),
(5, '00516', 'Dandora', '47'),
(6, '01027', 'Donyosabuk', '16'),
(7, '00610', 'Eastleigh', '47'),
(8, '00501', 'Embakasi', '47'),
(9, '00521', 'Embakasi Village', '47'),
(10, '00500', 'Enterprise Road', '47'),
(11, '00242', 'Ewaso Kedong', '32'),
(12, '00239', 'Gathiruini', '22'),
(13, '00240', 'Gathugu', '22'),
(14, '01028', 'Gatukuyu', '22'),
(15, '01030', 'Gatundu', '22'),
(16, '01013', 'Gatura', '21'),
(17, '00601', 'Gigiri', '47'),
(18, '00903', 'Githiga', '22'),
(19, '01032', 'Githumu', '21'),
(20, '00216', 'Githunguri', '22'),
(21, '01003', 'Gituamba', '22'),
(22, '00612', 'Highridge', '47'),
(23, '00904', 'Ikinu', '22'),
(24, '00214', 'Ilasit', '47'),
(25, '01102', 'Isinya', '34'),
(26, '01015', 'Ithanga', '21'),
(27, '00101', 'Jamia', '47'),
(28, '00501', 'Jkia', '47'),
(29, '00622', 'Juja Road', '47'),
(30, '01033', 'Kagundu Ini', '21'),
(31, '01033', 'Kagunduini', '15'),
(32, '00223', 'Kagwe', '22'),
(33, '01100', 'Kajiado', '34'),
(34, '01014', 'Kakuzi', '21'),
(35, '01001', 'Kalimoni', '22'),
(36, '00607', 'Kamiti', '22'),
(37, '01034', 'Kandara', '21'),
(38, '00625', 'Kangemi', '47'),
(39, '01004', 'Kanjuku', '22'),
(40, '00502', 'Karen', '47'),
(41, '00615', 'Kariobangi', '47'),
(42, '00219', 'Karuri', '22'),
(43, '00608', 'Kasarani', '47'),
(44, '00518', 'Kayole', '47'),
(45, '01020', 'Kenol', '21'),
(46, '01020', 'Kenol Makuyu', '47'),
(47, '00202', 'Kenyatta Hospital', '47'),
(48, '00202', 'Kenyatta National Hospital', '47'),
(49, '00609', 'Kenyatta University', '47'),
(50, '00906', 'Kerwa', '22'),
(51, '00900', 'Kiambu', '22'),
(52, '00236', 'Kiamwangi', '47'),
(53, '00220', 'Kijabe', '22'),
(54, '00902', 'Kikuyu', '22'),
(55, '00215', 'Kimana', '34'),
(56, '00227', 'Kinale Kinari', '22'),
(57, '00227', 'Kinari', '47'),
(58, '01031', 'Kindaruma', '14'),
(59, '01017', 'Kiriua', '21'),
(60, '01018', 'Kiruara', '47'),
(61, '01018', 'Kirwara', '21'),
(62, '00206', 'Kiserian', '34'),
(63, '00241', 'Kitengela', '34'),
(64, '00509', 'Langata', '47'),
(65, '00509', 'Langata Hardy', '47'),
(66, '00603', 'Lavington', '47'),
(67, '00217', 'Limuru', '22'),
(68, '00209', 'Loitokitok', '34'),
(69, '00209', 'Loitoktok', '34'),
(70, '00604', 'Lower Kabete', '22'),
(71, '00905', 'Lusingeti', '47'),
(72, '01002', 'Madaraka', '22'),
(73, '00205', 'Magadi', '34'),
(74, '00522', 'Makadara', '47'),
(75, '00510', 'Makongeni', '47'),
(76, '01020', 'Makuyu', '21'),
(77, '01103', 'Mashuru', '34'),
(78, '00221', 'Matathia', '22'),
(79, '00611', 'Mathare Valley', '47'),
(80, '00503', 'Mbagathi', '34'),
(81, '00231', 'Mbari Ya Njiku', '47'),
(82, '00127', 'Mbumbuni', '17'),
(83, '00504', 'Mchumbi Road', '47'),
(84, '01029', 'Migioini', '47'),
(85, '00519', 'Mlolongo', '16'),
(86, '00620', 'Mobi Plaza', '47'),
(87, '00620', 'Mobil Plaza', '47'),
(88, '00228', 'Muguga', '22'),
(89, '01023', 'Mukerenju', '21'),
(90, '00235', 'Mundoro', '47'),
(91, '01024', 'Muruka', '21'),
(92, '00619', 'Muthaiga', '47'),
(93, '00100', 'Nairobi Gpo', '47'),
(94, '00207', 'Namanga', '34'),
(95, '00230', 'Ndenderu', '22'),
(96, '00229', 'Nderu', '22'),
(97, '01016', 'Ndithini', '16'),
(98, '00600', 'Ngara Road', '47'),
(99, '00218', 'Ngecha', '22'),
(100, '00901', 'Ngewa', '22'),
(101, '00208', 'Ngong Hills', '34'),
(102, '00505', 'Ngong Road', '47'),
(103, '00506', 'Nyayo Stadium', '47'),
(104, '00213', 'Oltepesi', '34'),
(105, '00511', 'Ongata Rongai', '34'),
(106, '00623', 'Parklands', '47'),
(107, '00624', 'Quarry Road', '47'),
(108, '00617', 'Racecourse Road', '47'),
(109, '00512', 'Riruta', '47'),
(110, '00300', 'Ronald Ngala Street', '47'),
(111, '00520', 'Ruai', '47'),
(112, '00618', 'Ruaraka', '47'),
(113, '00232', 'Ruiru', '22'),
(114, '00606', 'Sarit Centre', '47'),
(115, '00513', 'Sasumua Road', '47'),
(116, '00102', 'State Law Office Sheria Hse', '47'),
(117, '01026', 'Thare', '47'),
(118, '00210', 'Thigio', '22'),
(119, '01000', 'Thika', '22'),
(120, '00400', 'Tom Mboya Street', '47'),
(121, '00517', 'Uhuru Gardens', '47'),
(122, '00222', 'Uplands', '22'),
(123, '00605', 'Uthiru', '47'),
(124, '00514', 'Valley Arcade', '47'),
(125, '00621', 'Village Market', '47'),
(126, '00507', 'Viwandani', '47'),
(127, '00613', 'Waithaka', '47'),
(128, '01010', 'Wamwangi', '47'),
(129, '00614', 'Wangige', '22'),
(130, '00800', 'Westlands', '47'),
(131, '00508', 'Yaya Towers', '47'),
(132, '10302', 'Baricho', '20'),
(133, '10401', 'Dol Dol', '31'),
(134, '10401', 'Doldol', '31'),
(135, '10107', 'Endarasha', '19'),
(136, '10210', 'Gacharage Ini', '21'),
(137, '10109', 'Gakere Road', '19'),
(138, '10111', 'Gakindu', '19'),
(139, '10232', 'Gakungu', '21'),
(140, '10212', 'Gatara', '21'),
(141, '10114', 'Gatitu', '19'),
(142, '10115', 'Gatondo', '22'),
(143, '10305', 'Gatugura', '19'),
(144, '10108', 'Giakanja', '19'),
(145, '10213', 'Gikoe', '21'),
(146, '10209', 'Gitugi', '21'),
(147, '10227', 'Ichichi', '21'),
(148, '10306', 'Kagio', '20'),
(149, '10307', 'Kagumo', '20'),
(150, '10206', 'Kahuhia', '21'),
(151, '10201', 'Kahuro', '21'),
(152, '10214', 'Kahuti', '47'),
(153, '10217', 'Kamahuha', '21'),
(154, '10141', 'Kamakwa Rd', '19'),
(155, '10226', 'Kambiti', '21'),
(156, '10218', 'Kangari', '21'),
(157, '10202', 'Kangema', '21'),
(158, '10220', 'Kanyenyaini', '21'),
(159, '10101', 'Karatina', '19'),
(160, '10231', 'Kariua', '21'),
(161, '10300', 'Kerugoya', '20'),
(162, '10122', 'Kiamariga', '19'),
(163, '10309', 'Kiamutugu', '20'),
(164, '10123', 'Kiandu', '19'),
(165, '10301', 'Kianyaga', '20'),
(166, '10311', 'Kibingoti', '20'),
(167, '10102', 'Kiganjo', '19'),
(168, '10203', 'Kigumo', '21'),
(169, '10207', 'Kihoya', '21'),
(170, '10125', 'Kimahuri', '19'),
(171, '10140', 'Kimathi Way', '19'),
(172, '10310', 'Kimbimbi', '20'),
(173, '10312', 'Kimunye', '20'),
(174, '10204', 'Kiriaini', '21'),
(175, '10204', 'Kiriani', '19'),
(176, '10234', 'Kora', '4'),
(177, '10304', 'Kutus', '20'),
(178, '10205', 'Maragua', '21'),
(179, '10233', 'Mbiri', '21'),
(180, '10129', 'Mugunda', '19'),
(181, '10103', 'Mukurweini', '19'),
(182, '10200', 'Muranga', '21'),
(183, '10104', 'Mweiga', '19'),
(184, '10400', 'Nanyuki', '31'),
(185, '10105', 'Naro Moru', '19'),
(186, '10224', 'Nguyoini', '47'),
(187, '10100', 'Nyeri', '19'),
(188, '10106', 'Othaya', '19'),
(189, '10133', 'Ruringu', '19'),
(190, '10134', 'Ruthangati', '47'),
(191, '10208', 'Saba Saba', '21'),
(192, '10230', 'Sagana', '20'),
(193, '10110', 'Thaara', '47'),
(194, '10135', 'Thangathi', '19'),
(195, '10406', 'Timau', '12'),
(196, '10136', 'Tumu Tumu', '19'),
(197, '10137', 'Uaso Nyiro', '25'),
(198, '10138', 'Wamagana', '19'),
(199, '10303', 'Wanguru', '20'),
(200, '10225', 'Wanjengi', '21'),
(201, '20424', 'Amalo Formerly Oloomirani', '36'),
(202, '20113', 'Bahati', '32'),
(203, '20601', 'Baragoi', '25'),
(204, '20400', 'Bomet', '36'),
(205, '20101', 'Bondeni', '32'),
(206, '20215', 'Cheborge', '35'),
(207, '20401', 'Chebunyo', '36'),
(208, '20222', 'Chemamul', '29'),
(209, '20407', 'Chemaner', '33'),
(210, '20217', 'Chepsinendet', '47'),
(211, '20410', 'Cheptalal', '36'),
(212, '20217', 'Chesinendet', '35'),
(213, '20118', 'Dundori', '32'),
(214, '20115', 'Egerton', '32'),
(215, '20115', 'Egerton University', '32'),
(216, '20102', 'Elburgon', '32'),
(217, '20103', 'Eldama Ravine', '30'),
(218, '20119', 'Elementatita', '32'),
(219, '20140', 'Emining', '30'),
(220, '20209', 'Fort Ternan', '35'),
(221, '20116', 'Gilgil', '32'),
(222, '20411', 'Gorgor', '36'),
(223, '20307', 'Igwamiti', '31'),
(224, '20157', 'Kabarak', '30'),
(225, '20157', 'Kabarak University', '32'),
(226, '20114', 'Kabazi', '32'),
(227, '20201', 'Kabianga', '35'),
(228, '20304', 'Kaheho', '18'),
(229, '20218', 'Kamaget', '36'),
(230, '20134', 'Kamara', '19'),
(231, '20132', 'Kamwaura', '32'),
(232, '20214', 'Kapkatet', '35'),
(233, '20219', 'Kapkelet', '47'),
(234, '20206', 'Kapkugerwet', '47'),
(235, '20211', 'Kapsoit', '35'),
(236, '20207', 'Kapsuser', '35'),
(237, '20221', 'Kaptebengwet', '36'),
(238, '20328', 'Karandi', '18'),
(239, '20220', 'Kedowa', '35'),
(240, '20501', 'Keekorok', '33'),
(241, '20200', 'Kericho', '35'),
(242, '20131', 'Keringet', '32'),
(243, '20225', 'Kimulot', '35'),
(244, '20320', 'Kinamba', '32'),
(245, '20202', 'Kipkelion', '35'),
(246, '20133', 'Kiptangwanyi', '32'),
(247, '20213', 'Kiptere', '35'),
(248, '20208', 'Kiptugumo', '35'),
(249, '20144', 'Kisanana', '30'),
(250, '20154', 'Kuresoi', '32'),
(251, '20330', 'Laikipia Campus', '31'),
(252, '20112', 'Lanet', '32'),
(253, '20310', 'Leshau', '31'),
(254, '20210', 'Litein', '35'),
(255, '20203', 'Londian', '35'),
(256, '20203', 'Londiani', '35'),
(257, '20402', 'Longisa', '36'),
(258, '20147', 'Maai Mahiu', '32'),
(259, '20147', 'Mai Mahiu', '32'),
(260, '20314', 'Mairo Inya', '31'),
(261, '20145', 'Maji Mazuri', '47'),
(262, '20418', 'Makimeny', '36'),
(263, '20149', 'Makumbi', '47'),
(264, '20141', 'Makutano', '24'),
(265, '20600', 'Maralal', '25'),
(266, '20322', 'Marmanet', '31'),
(267, '20111', 'Mau Narok', '32'),
(268, '20122', 'Mau Summit', '35'),
(269, '20104', 'Menengai', '32'),
(270, '20419', 'Merigi', '36'),
(271, '20301', 'Miharati', '18'),
(272, '20123', 'Milton Siding', '47'),
(273, '20124', 'Mirangine', '18'),
(274, '20312', 'Mochongoi', '30'),
(275, '20403', 'Mogogosiek', '35'),
(276, '20105', 'Mogotio', '30'),
(277, '20106', 'Molo', '32'),
(278, '20323', 'Muhotetu', '31'),
(279, '20315', 'Mukeu', '18'),
(280, '20316', 'Murungaru', '18'),
(281, '20504', 'Nairage Enkare', '33'),
(282, '20142', 'Naishi', '47'),
(283, '20117', 'Naivasha', '32'),
(284, '20100', 'Nakuru', '32'),
(285, '20500', 'Narok', '33'),
(286, '20404', 'Ndanai', '36'),
(287, '20306', 'Ndaragwa', '18'),
(288, '20317', 'Ndunyu Njeru', '31'),
(289, '20126', 'Ngorika', '33'),
(290, '20107', 'Njoro', '32'),
(291, '20318', 'North Kinangop', '18'),
(292, '20318', 'North Kinangop District', '18'),
(293, '20300', 'Nyahururu', '31'),
(294, '20302', 'Ol Joro Orok', '18'),
(295, '20303', 'Ol Kalou', '18'),
(296, '20303', 'Ol Kalou District', '18'),
(297, '20421', 'Olbutyo', '36'),
(298, '20152', 'Olenguruone', '32'),
(299, '20302', 'Oljoro Orok', '18'),
(300, '20502', 'Olkurto', '33'),
(301, '20503', 'Olololunga', '33'),
(302, '20503', 'Ololulunga', '33'),
(303, '20424', 'Oloomirani', '47'),
(304, '20311', 'Passenga', '47'),
(305, '20127', 'Ronda', '36'),
(306, '20108', 'Rongai', '32'),
(307, '20204', 'Roret', '35'),
(308, '20321', 'Rumuruti', '31'),
(309, '20313', 'Ruri', '43'),
(310, '20313', 'Rurii', '18'),
(311, '20143', 'Sabatia', '37'),
(312, '20150', 'Shabaab', '32'),
(313, '20405', 'Sigor', '36'),
(314, '20212', 'Sigowet', '36'),
(315, '20422', 'Silibwet', '36'),
(316, '20423', 'Siongiroi', '36'),
(317, '20326', 'Sipili', '31'),
(318, '20128', 'Solai', '32'),
(319, '20223', 'Sorget', '47'),
(320, '20205', 'Sosiot', '35'),
(321, '20406', 'Sotik', '36'),
(322, '20604', 'South Horr', '25'),
(323, '20155', 'South Kinangop', '18'),
(324, '20319', 'South Kinangop District', '18'),
(325, '20319', 'South Kinangop District 1', '18'),
(326, '20109', 'Subukia', '32'),
(327, '20602', 'Suguta Mar Mar', '25'),
(328, '20151', 'Sulmac', '32'),
(329, '20110', 'Timber Mill Road', '47'),
(330, '20110', 'Timber Mills', '32'),
(331, '20153', 'Torongo', '30'),
(332, '20129', 'Turi', '32'),
(333, '20603', 'Wamba', '25'),
(334, '20305', 'Wanjohi', '18'),
(335, '20329', 'Wiyumiririe', '47'),
(336, '30101', 'Ainabkoi', '27'),
(337, '30708', 'Arror', '28'),
(338, '30306', 'Baraton', '29'),
(339, '30412', 'Bartolimo', '30'),
(340, '30412', 'Barwesa', '30'),
(341, '30702', 'Bugar', '28'),
(342, '30102', 'Burnt Forest', '27'),
(343, '30706', 'Chebiemit', '28'),
(344, '30125', 'Chebororwa', '47'),
(345, '30206', 'Chemiron', '47'),
(346, '30605', 'Chepareria', '24'),
(347, '30133', 'Chepkoilel', '27'),
(348, '30129', 'Chepkorio', '28'),
(349, '30309', 'Chepsonoi', '29'),
(350, '30121', 'Chepterwai', '29'),
(351, '30709', 'Cheptongei', '47'),
(352, '30712', 'Chesoi', '28'),
(353, '30100', 'Eldoret', '27'),
(354, '30124', 'Eldoret Airport', '27'),
(355, '30100', 'Eldoret Gpo', '27'),
(356, '30201', 'Endebess', '26'),
(357, '30109', 'Huruma', '27'),
(358, '30700', 'Iten', '28'),
(359, '30400', 'Kabarnet', '30'),
(360, '30401', 'Kabartonjo', '30'),
(361, '30130', 'Kabiemit', '27'),
(362, '30303', 'Kabiyet', '29'),
(363, '30305', 'Kabujoi', '47'),
(364, '30601', 'Kacheliba', '24'),
(365, '30604', 'Kainuk', '24'),
(366, '30216', 'Kakibora', '47'),
(367, '30501', 'Kakuma', '23'),
(368, '30502', 'Kalokol', '23'),
(369, '30406', 'Kampi Ya Samaki', '30'),
(370, '30406', 'Kampi Ya Samaki District', '30'),
(371, '30113', 'Kamwosor', '28'),
(372, '30304', 'Kapcheno', '29'),
(373, '30204', 'Kapcherop', '28'),
(374, '30311', 'Kapchorwa', '28'),
(375, '30410', 'Kapedo', '23'),
(376, '30600', 'Kapenguria', '24'),
(377, '30119', 'Kapkenda', '30'),
(378, '30111', 'Kapngetuny', '27'),
(379, '30300', 'Kapsabet', '29'),
(380, '30208', 'Kapsara', '47'),
(381, '30705', 'Kapsowar', '28'),
(382, '30313', 'Kapsumbeiwa', '29'),
(383, '30114', 'Kaptagat', '27'),
(384, '30710', 'Kaptalamwa', '47'),
(385, '30701', 'Kaptarakwa', '28'),
(386, '30312', 'Kaptel', '29'),
(387, '30711', 'Kapteren', '28'),
(388, '30215', 'Kesogon', '26'),
(389, '30132', 'Kesses', '27'),
(390, '30110', 'Kihuga Square', '27'),
(391, '30315', 'Kilibwoni', '29'),
(392, '30209', 'Kiminini', '26'),
(393, '30120', 'Kimoning', '47'),
(394, '30128', 'Kimwarer', '28'),
(395, '30103', 'Kipkabus', '27'),
(396, '30117', 'Kiplegetet', '47'),
(397, '30203', 'Kipsaina', '47'),
(398, '30411', 'Kipsaraman', '30'),
(399, '30118', 'Kiptabach', '28'),
(400, '30402', 'Kiptagich', '32'),
(401, '30200', 'Kitale', '26'),
(402, '30305', 'Kobujoi', '29'),
(403, '30314', 'Koilot', '29'),
(404, '30210', 'Kwanza', '34'),
(405, '30112', 'Langas', '27'),
(406, '30302', 'Lessos', '29'),
(407, '30500', 'Lodwar', '23'),
(408, '30503', 'Lokichoggio', '23'),
(409, '30504', 'Lokitaung', '23'),
(410, '30506', 'Lokori', '23'),
(411, '30403', 'Marigat', '30'),
(412, '30205', 'Matunda', '27'),
(413, '30107', 'Moi University', '27'),
(414, '30202', 'Moi S Bridge District', '27'),
(415, '30104', 'Moi Ben', '27'),
(416, '30104', 'Moiben', '27'),
(417, '30202', 'Moi S Bridge', '27'),
(418, '30307', 'Mosoriot', '29'),
(419, '30301', 'Nandi Hills', '29'),
(420, '30123', 'Ndalat', '29'),
(421, '30404', 'Nginyang', '30'),
(422, '30131', 'Nyaru', '28'),
(423, '30602', 'Ortum', '24'),
(424, '30116', 'Plateau', '27'),
(425, '30211', 'Saboti', '26'),
(426, '30407', 'Seretunin', '30'),
(427, '30217', 'Sikinwa', '26'),
(428, '30127', 'Simat', '27'),
(429, '30703', 'Singore', '28'),
(430, '30213', 'Sirende', '39'),
(431, '30105', 'Soy', '27'),
(432, '30212', 'Suwerwa', '47'),
(433, '30220', 'Tabani', '39'),
(434, '30704', 'Tambach', '28'),
(435, '30405', 'Tenges', '30'),
(436, '30108', 'Timboroa', '27'),
(437, '30218', 'Tongaren', '39'),
(438, '30707', 'Tot', '28'),
(439, '30106', 'Turbo', '27'),
(440, '30603', 'Wei Wei', '24'),
(441, '30603', 'Weiwei', '47'),
(442, '30214', 'Ziwa', '27'),
(443, '40406', 'Agenga', '47'),
(444, '40101', 'Ahero', '42'),
(445, '40139', 'Akala', '41'),
(446, '40140', 'Aluor', '41'),
(447, '40136', 'Andigo', '47'),
(448, '40616', 'Anyiko', '41'),
(449, '40619', 'Asembo Bay', '26'),
(450, '40309', 'Asumbi', '43'),
(451, '40328', 'Awach Tende', '43'),
(452, '40122', 'Awasi', '42'),
(453, '40601', 'Bondo', '41'),
(454, '40620', 'Boro', '41'),
(455, '40143', 'Chemase', '35'),
(456, '40116', 'Chemelil', '42'),
(457, '40112', 'Dago', '42'),
(458, '40117', 'Daraja Mbili', '42'),
(459, '40331', 'Dede', '44'),
(460, '40621', 'Dudi', '37'),
(461, '40703', 'Enosaen', '33'),
(462, '40208', 'Etago', '45'),
(463, '40312', 'Gembe', '47'),
(464, '40503', 'Gesima', '46'),
(465, '40201', 'Gesusu', '45'),
(466, '40407', 'Giribe', '44'),
(467, '40640', 'Hawinga', '41'),
(468, '40300', 'Homa Bay', '43'),
(469, '40209', 'Igare', '45'),
(470, '40415', 'Ikerege', '44'),
(471, '40501', 'Ikonge', '46'),
(472, '40414', 'Isibania', '44'),
(473, '40504', 'Itibo', '46'),
(474, '40210', 'Itumbe', '45'),
(475, '40314', 'Kadel', '43'),
(476, '40223', 'Kadongo', '43'),
(477, '40304', 'Kandiege', '43'),
(478, '40505', 'Karota', '47'),
(479, '40401', 'Karungu', '44'),
(480, '40118', 'Katito', '42'),
(481, '40506', 'Kebirigo', '46'),
(482, '40515', 'Kegogi', '45'),
(483, '40416', 'Kegonga', '44'),
(484, '40413', 'Kehancha', '44'),
(485, '40301', 'Kendu Bay', '43'),
(486, '40211', 'Kenyenya', '45'),
(487, '40202', 'Keroka', '46'),
(488, '40212', 'Keumbu', '45'),
(489, '40213', 'Kiamokama', '45'),
(490, '40119', 'Kibigori', '42'),
(491, '40700', 'Kilgoris', '33'),
(492, '40200', 'Kisii', '45'),
(493, '40100', 'Kisumu', '42'),
(494, '40317', 'Kojwang', '41'),
(495, '40102', 'Kombewa', '42'),
(496, '40103', 'Kondele', '42'),
(497, '40121', 'Kondik', '42'),
(498, '40639', 'Koracha', '47'),
(499, '40104', 'Koru', '42'),
(500, '40332', 'Kosele', '43'),
(501, '40122', 'Ladhri Awasi', '47'),
(502, '40701', 'Lolgorian', '33'),
(503, '40622', 'Lugingo', '47'),
(504, '40623', 'Luhano', '41'),
(505, '40613', 'Madiany', '41'),
(506, '40516', 'Magena', '45'),
(507, '40507', 'Magombo', '46'),
(508, '40307', 'Magunga', '43'),
(509, '40508', 'Magwagwa', '46'),
(510, '40509', 'Manga', '46'),
(511, '40625', 'Manyuanda', '41'),
(512, '40214', 'Marani', '45'),
(513, '40408', 'Mariwa', '43'),
(514, '40105', 'Maseno', '38'),
(515, '40215', 'Masimba', '45'),
(516, '40310', 'Mawego', '43'),
(517, '40305', 'Mbita', '43'),
(518, '40123', 'Mega City', '42'),
(519, '40319', 'Mfangano', '43'),
(520, '40225', 'Mikayi', '43'),
(521, '40320', 'Mirogi', '43'),
(522, '40626', 'Misori', '41'),
(523, '40106', 'Miwani', '42'),
(524, '40510', 'Mokomoni', '46'),
(525, '40627', 'Mudhiero', '47'),
(526, '40107', 'Muhoroni', '42'),
(527, '40409', 'Muhuru Bay', '44'),
(528, '40410', 'Mukuro', '44'),
(529, '40628', 'Mutumbu', '41'),
(530, '40615', 'Nango', '41'),
(531, '40629', 'Ndere', '47'),
(532, '40302', 'Ndhiwa', '43'),
(533, '40630', 'Ndigwa', '41'),
(534, '40602', 'Ndori', '41'),
(535, '40603', 'Ng Iya', '41'),
(536, '40603', 'Ngiya', '41'),
(537, '40702', 'Njipiship', '33'),
(538, '40417', 'Ntimaru', '44'),
(539, '40124', 'Nyabondo', '42'),
(540, '40333', 'Nyadhiwa', '43'),
(541, '40631', 'Nyadorera', '41'),
(542, '40203', 'Nyamache', '45'),
(543, '40206', 'Nyamarambe', '45'),
(544, '40205', 'Nyambunwa', '45'),
(545, '40500', 'Nyamira', '46'),
(546, '40632', 'Nyamonye', '41'),
(547, '40333', 'Nyandhiwa', '43'),
(548, '40631', 'Nyandorera', '18'),
(549, '40126', 'Nyangande', '42'),
(550, '40127', 'Nyangori', '42'),
(551, '40218', 'Nyangusu', '45'),
(552, '40311', 'Nyangweso', '43'),
(553, '40502', 'Nyansiongo', '46'),
(554, '40514', 'Nyaramba', '45'),
(555, '40402', 'Nyatike', '44'),
(556, '40633', 'Nyawara', '41'),
(557, '40611', 'Nyilima', '41'),
(558, '40129', 'Oboch', '42'),
(559, '40204', 'Ogembo', '45'),
(560, '40130', 'Ogen', '42'),
(561, '40323', 'Ogongo', '43'),
(562, '40306', 'Omboga', '43'),
(563, '40221', 'Omogonchoro', '45'),
(564, '40227', 'Oriang', '43'),
(565, '40324', 'Otaro', '43'),
(566, '40411', 'Othoch Rakuom', '47'),
(567, '40224', 'Othoro', '44'),
(568, '40108', 'Otonglo', '47'),
(569, '40334', 'Oyani Masii', '47'),
(570, '40222', 'Oyugis', '43'),
(571, '40329', 'Pala', '43'),
(572, '40111', 'Pap Onditi', '42'),
(573, '40111', 'Pap Onditi District', '42'),
(574, '40131', 'Paw Akuche', '42'),
(575, '40113', 'Pembe Tatu', '42'),
(576, '40132', 'Rabuor', '42'),
(577, '40604', 'Ragengni', '41'),
(578, '40325', 'Rakwaro', '42'),
(579, '40330', 'Ramba', '41'),
(580, '40142', 'Ramula', '41'),
(581, '40412', 'Ranen', '44'),
(582, '40634', 'Rangala', '47'),
(583, '40303', 'Rangwe', '43'),
(584, '40403', 'Rapogi', '44'),
(585, '40137', 'Ratta', '42'),
(586, '40133', 'Reru', '42'),
(587, '40511', 'Rigoma', '46'),
(588, '40226', 'Ringa', '43'),
(589, '40512', 'Riochanda', '46'),
(590, '40220', 'Riosiri', '45'),
(591, '40326', 'Rodi Kopany', '43'),
(592, '40404', 'Rongo', '44'),
(593, '40327', 'Rusinga', '43'),
(594, '40405', 'Sare', '44'),
(595, '40612', 'Sawagongo', '41'),
(596, '40614', 'Sega', '41'),
(597, '40600', 'Siaya', '41'),
(598, '40605', 'Sidindi', '41'),
(599, '40643', 'Sifuyo', '40'),
(600, '40635', 'Sigomre', '41'),
(601, '40135', 'Sigoti', '42'),
(602, '40308', 'Sindo', '43'),
(603, '40636', 'Sirembe', '47'),
(604, '40642', 'Sirongo', '47'),
(605, '40109', 'Sondu', '42'),
(606, '40110', 'Songhor', '42'),
(607, '40418', 'Suba Kuria', '44'),
(608, '40400', 'Suna', '44'),
(609, '40229', 'Tabaka', '45'),
(610, '40513', 'Tombe', '46'),
(611, '40606', 'Ugunja', '41'),
(612, '40607', 'Ukwala', '41'),
(613, '40608', 'Uranga', '41'),
(614, '40228', 'Uriri', '44'),
(615, '40609', 'Usenge', '41'),
(616, '40637', 'Usigu', '41'),
(617, '40142', 'Victoria', '32'),
(618, '40638', 'Wagusu', '47'),
(619, '40141', 'Winam', '42'),
(620, '40141', 'Winam Kisumu Gpo Extn', '42'),
(621, '40610', 'Yala', '41'),
(622, '50413', 'Adungosi', '47'),
(623, '50244', 'Amagoro', '40'),
(624, '50403', 'Amukura', '40'),
(625, '50412', 'Angurai', '40'),
(626, '50316', 'Banja', '38'),
(627, '50411', 'Bar Ober', '41'),
(628, '50206', 'Bokoli', '39'),
(629, '50137', 'Booker', '37'),
(630, '50245', 'Brigadier', '39'),
(631, '50415', 'Budalangi', '47'),
(632, '50416', 'Buhuyi', '37'),
(633, '50233', 'Bukembe', '39'),
(634, '50417', 'Bukiri', '40'),
(635, '50105', 'Bukura', '37'),
(636, '50109', 'Bulimbo', '37'),
(637, '50404', 'Bumala', '40'),
(638, '50418', 'Bumutiru', '40'),
(639, '50200', 'Bungoma', '39'),
(640, '50301', 'Bunyore', '47'),
(641, '50400', 'Busia', '40'),
(642, '50101', 'Butere', '37'),
(643, '50405', 'Butula', '40'),
(644, '50210', 'Buyofu', '39'),
(645, '50302', 'Chamakanga', '38'),
(646, '50317', 'Chavakali', '38'),
(647, '50201', 'Cheptais', '39'),
(648, '50202', 'Chwele', '39'),
(649, '50213', 'Dorofu', '47'),
(650, '50429', 'Elugulu', '39'),
(651, '50314', 'Emuhaya', '38'),
(652, '50303', 'Eregi', '37'),
(653, '50406', 'Funyula', '40'),
(654, '50318', 'Gambogi', '38'),
(655, '50304', 'Gisambai', '38'),
(656, '50407', 'Hakati', '47'),
(657, '50312', 'Hamisi', '38'),
(658, '50111', 'Ileho', '37'),
(659, '50112', 'Imanga', '37'),
(660, '50114', 'Isulu', '37'),
(661, '50319', 'Jebrok', '47'),
(662, '50214', 'Kabula', '47'),
(663, '50305', 'Kaimosi', '38'),
(664, '50100', 'Kakamega', '37'),
(665, '50419', 'Kakemer', '47'),
(666, '50115', 'Kakunga', '37'),
(667, '50116', 'Kambiri', '37'),
(668, '50216', 'Kamukuywa', '39'),
(669, '50408', 'Kamuriai', '40'),
(670, '50203', 'Kapsokwony', '39'),
(671, '50234', 'Kaptama', '39'),
(672, '50104', 'Khayega', '37'),
(673, '50306', 'Khumusalaba', '38'),
(674, '50135', 'Khwisero', '37'),
(675, '50315', 'Kilingili', '38'),
(676, '50204', 'Kimilili', '39'),
(677, '50241', 'Kipkarren River', '37'),
(678, '50313', 'Kiritu', '38'),
(679, '50420', 'Kocholya', '47'),
(680, '50117', 'Koyonzo', '37'),
(681, '50307', 'Luanda', '38'),
(682, '50219', 'Luandanyi', '6'),
(683, '50240', 'Luandeti', '38'),
(684, '50118', 'Lubao', '37'),
(685, '50108', 'Lugari', '37'),
(686, '50218', 'Lugulu', '39'),
(687, '50421', 'Lukolis', '40'),
(688, '50132', 'Lukume', '37'),
(689, '50230', 'Lukusi', '39'),
(690, '50242', 'Lumakanda', '37'),
(691, '50119', 'Lunza', '37'),
(692, '50320', 'Lusiola', '38'),
(693, '50121', 'Lutaso', '39'),
(694, '50220', 'Lwakhakha', '39'),
(695, '50235', 'Mabusi', '39'),
(696, '50321', 'Magada', '34'),
(697, '50325', 'Mago', '38'),
(698, '50322', 'Mahanga', '38'),
(699, '50133', 'Makunga', '37'),
(700, '50122', 'Malaha', '37'),
(701, '50209', 'Malakisi', '39'),
(702, '50103', 'Malava', '37'),
(703, '50123', 'Malinya', '37'),
(704, '50126', 'Manyulia', '37'),
(705, '50300', 'Maragoli', '38'),
(706, '50324', 'Masana', '38'),
(707, '50139', 'Masinde Muliro', '47'),
(708, '50139', 'Masinde Muliro University', '39'),
(709, '50422', 'Matayos', '40'),
(710, '50136', 'Matete', '37'),
(711, '50236', 'Mbakalo', '39'),
(712, '50138', 'Milimani', '37'),
(713, '50207', 'Misikhu', '39'),
(714, '50423', 'Mubwayo', '40'),
(715, '50225', 'Mukhe', '39'),
(716, '50428', 'Muluanda', '38'),
(717, '50102', 'Mumias', '37'),
(718, '50425', 'Mungatsi', '40'),
(719, '50426', 'Murumba', '40'),
(720, '50125', 'Musanda', '37'),
(721, '50226', 'Myanga', '39'),
(722, '50211', 'Naitiri', '39'),
(723, '50127', 'Nambacha', '37'),
(724, '50409', 'Nambale', '40'),
(725, '50239', 'Nangili', '37'),
(726, '50212', 'Ndalu', '39'),
(727, '50237', 'Nzoia', '32'),
(728, '50427', 'Obekai', '47'),
(729, '50410', 'Port Victoria', '40'),
(730, '50128', 'Samitsi', '37'),
(731, '50308', 'Serem', '38'),
(732, '50106', 'Shianda', '37'),
(733, '50129', 'Shiatsala', '37'),
(734, '50130', 'Shibuli', '47'),
(735, '50131', 'Shimanyiro', '37'),
(736, '50107', 'Shinyalu', '37'),
(737, '50401', 'Sio Port', '40'),
(738, '50208', 'Sirisia', '39'),
(739, '50305', 'Sirwa', '27'),
(740, '50238', 'Tabani District', '39'),
(741, '50309', 'Tiriki', '38'),
(742, '50310', 'Vihiga', '38'),
(743, '50205', 'Webuye', '39'),
(744, '50311', 'Wodanga', '38'),
(745, '60302', 'Archer S Post', '11'),
(746, '60409', 'Chaikariga', '13'),
(747, '60410', 'Chiakanyinga', '47'),
(748, '60409', 'Chiakariga', '13'),
(749, '60401', 'Chogoria', '13'),
(750, '60400', 'Chuka', '13'),
(751, '60100', 'Embu', '14'),
(752, '60119', 'Gachoka', '14'),
(753, '60209', 'Gaitu', '12'),
(754, '60301', 'Garba Tulla', '11'),
(755, '60217', 'Gatimbi', '47'),
(756, '60404', 'Gatunga', '13'),
(757, '60212', 'Gitemene', '12'),
(758, '60205', 'Githogo', '12'),
(759, '60205', 'Githongo', '12'),
(760, '60212', 'Gitimene', '47'),
(761, '60402', 'Igoji', '12'),
(762, '60405', 'Ikuu', '12'),
(763, '60102', 'Ishiara', '14'),
(764, '60300', 'Isiolo', '11'),
(765, '60411', 'Kaanwa', '13'),
(766, '60118', 'Kanja', '14'),
(767, '60206', 'Kanyakine', '12'),
(768, '60106', 'Kanyuambora', '14'),
(769, '60105', 'Karaba', '14'),
(770, '60107', 'Karingari', '14'),
(771, '60117', 'Karurumo', '14'),
(772, '60406', 'Kathwana', '13'),
(773, '60108', 'Kevote', '14'),
(774, '60109', 'Kiambere', '14'),
(775, '60602', 'Kianjai', '12'),
(776, '60122', 'Kianjokoma', '14'),
(777, '60201', 'Kibirichia', '12'),
(778, '60112', 'Kibugu', '14'),
(779, '60207', 'Kiirua', '12'),
(780, '60216', 'Kinoru', '12'),
(781, '60211', 'Kionyo', '12'),
(782, '60113', 'Kiritiri', '14'),
(783, '60114', 'Kithimu', '14'),
(784, '60125', 'Kubu Kubu', '14'),
(785, '60601', 'Laare', '12'),
(786, '60502', 'Laisamis', '10'),
(787, '60501', 'Loiyangalani', '10'),
(788, '60403', 'Magumoni', '13'),
(789, '60407', 'Magutuni', '13'),
(790, '60101', 'Manyatta', '14'),
(791, '60408', 'Marima', '13'),
(792, '60215', 'Marimanti', '13'),
(793, '60500', 'Marsabit', '10'),
(794, '60600', 'Maua', '12'),
(795, '60303', 'Merti', '11'),
(796, '60200', 'Meru', '12'),
(797, '60604', 'Miathene', '12'),
(798, '60607', 'Mikinduri', '12'),
(799, '60204', 'Mitunguu', '12'),
(800, '60700', 'Moyale', '10'),
(801, '60120', 'Mururi', '20'),
(802, '60605', 'Muthaara', '12'),
(803, '60115', 'Nganduri', '14'),
(804, '60214', 'Nkondi', '13'),
(805, '60202', 'Nkubu', '12'),
(806, '60103', 'Runyenjes', '14'),
(807, '60104', 'Siakago', '14'),
(808, '60701', 'Sololo', '10'),
(809, '60210', 'Tigiji', '47'),
(810, '60213', 'Tunyai', '13'),
(811, '60121', 'Wachoro', '14'),
(812, '70104', 'Bura Tana', '4'),
(813, '70103', 'Dadaab', '7'),
(814, '70301', 'El Wak', '9'),
(815, '70301', 'Elwak', '9'),
(816, '70100', 'Garissa', '7'),
(817, '70202', 'Griftu', '8'),
(818, '70201', 'Habaswein', '8'),
(819, '70101', 'Hola', '4'),
(820, '70304', 'Lafey', '9'),
(821, '70300', 'Mandera', '9'),
(822, '70105', 'Masalani', '7'),
(823, '70102', 'Modo Gashe', '7'),
(824, '70102', 'Muddo Gashe', '7'),
(825, '70302', 'Rhamu', '9'),
(826, '70303', 'Takaba', '9'),
(827, '70200', 'Wajir', '8'),
(828, '80211', 'Bamba', '3'),
(829, '80101', 'Bamburi', '1'),
(830, '80102', 'Changamwe', '1'),
(831, '80314', 'Chumvini', '6'),
(832, '80103', 'Coast Gen Hsp', '47'),
(833, '80103', 'Coast Gen Hospital', '1'),
(834, '80401', 'Diani Beach', '2'),
(835, '80104', 'Docks', '1'),
(836, '80501', 'Faza', '5'),
(837, '80205', 'Ganze', '3'),
(838, '80201', 'Garsen', '4'),
(839, '80208', 'Gede', '3'),
(840, '80206', 'Gongini', '3'),
(841, '80206', 'Gongoni', '3'),
(842, '80209', 'Kakoneni', '3'),
(843, '80105', 'Kaloleni', '3'),
(844, '80307', 'Kasigau', '6'),
(845, '80122', 'Kengeleni', '1'),
(846, '80410', 'Kikoneni', '2'),
(847, '8010', 'Kilifi', '3'),
(848, '80107', 'Kilindini', '1'),
(849, '80405', 'Kinango', '2'),
(850, '80116', 'Kipevu', '47'),
(851, '80316', 'Kitivo', '47'),
(852, '80403', 'Kwale', '2'),
(853, '80500', 'Lamu', '5'),
(854, '80110', 'Likoni', '1'),
(855, '80408', 'Lukore', '47'),
(856, '80402', 'Lunga Lunga', '2'),
(857, '80207', 'Madina', '3'),
(858, '80315', 'Maktau', '6'),
(859, '80112', 'Makupa', '1'),
(860, '80200', 'Malindi', '3'),
(861, '80301', 'Manyani', '6'),
(862, '80113', 'Mariakani', '3'),
(863, '80312', 'Mashini', '47'),
(864, '80406', 'Matuga', '2'),
(865, '80317', 'Maungu', '6'),
(866, '80114', 'Mazeras', '3'),
(867, '80313', 'Mgambonyi', '6'),
(868, '80306', 'Mgange', '6'),
(869, '80106', 'Mkomani', '1'),
(870, '80115', 'Moi Airport', '1'),
(871, '80502', 'Mokowe', '5'),
(872, '80100', 'Mombasa', '1'),
(873, '80503', 'Mpeketoni', '5'),
(874, '80404', 'Msambweni', '2'),
(875, '80111', 'Mtongwe', '1'),
(876, '80117', 'Mtopanga', '1'),
(877, '80109', 'Mtwapa', '3'),
(878, '80305', 'Mwatate', '6'),
(879, '80311', 'Ng Ambwa', '6'),
(880, '80311', 'Ngambwa', '47'),
(881, '80118', 'Nyali', '1'),
(882, '80308', 'Sagalla', '6'),
(883, '80120', 'Samburu', '2'),
(884, '80407', 'Shimba Hills', '2'),
(885, '80409', 'Shimoni', '2'),
(886, '80203', 'Tarasaa', '47'),
(887, '80309', 'Tausa', '6'),
(888, '80302', 'Taveta', '6'),
(889, '80400', 'Ukunda', '2'),
(890, '80119', 'Vipingo', '3'),
(891, '80211', 'Vitengeni', '3'),
(892, '80300', 'Voi', '6'),
(893, '80204', 'Watalii Road', '32'),
(894, '80202', 'Watamu', '3'),
(895, '80303', 'Werugha', '6'),
(896, '80504', 'Witu', '5'),
(897, '80304', 'Wundanyi', '6'),
(898, '90147', 'Chumvi', '16'),
(899, '90219', 'Chuvuli', '47'),
(900, '90145', 'Daystar', '16'),
(901, '90145', 'Daystar University', '47'),
(902, '90139', 'Ekalakala', '16'),
(903, '90121', 'Emali', '17'),
(904, '90206', 'Endau', '15'),
(905, '90120', 'Iiani', '16'),
(906, '90135', 'Ikalaasa', '16'),
(907, '90207', 'Ikutha', '17'),
(908, '90205', 'Kabati', '15'),
(909, '90150', 'Kaewa', '16'),
(910, '90122', 'Kalamba', '17'),
(911, '90126', 'Kalawa', '17'),
(912, '90403', 'Kamuwongo', '15'),
(913, '90115', 'Kangundo', '16'),
(914, '90123', 'Kasikeu', '17'),
(915, '90106', 'Katangi', '16'),
(916, '90105', 'Kathiani', '16'),
(917, '90302', 'Kathonzweni', '17'),
(918, '90404', 'Katse', '15'),
(919, '90217', 'Katutu', '15'),
(920, '90107', 'Kaviani', '16'),
(921, '90405', 'Kavuti', '47'),
(922, '90137', 'Kibwezi', '17'),
(923, '90125', 'Kikima', '17'),
(924, '90305', 'Kilala', '17'),
(925, '90204', 'Kisasi', '15'),
(926, '90124', 'Kithimani', '16'),
(927, '90144', 'Kithyoko', '16'),
(928, '90303', 'Kitise', '17'),
(929, '90200', 'Kitui', '15'),
(930, '90148', 'Kiunduani', '33'),
(931, '90218', 'Kiusyani', '15'),
(932, '90116', 'Kivaani', '33'),
(933, '90111', 'Kivunga', '16'),
(934, '90108', 'Kola', '16'),
(935, '90215', 'Kwavonza', '15'),
(936, '90220', 'Kyatune', '17'),
(937, '90209', 'Kyeni', '14'),
(938, '90401', 'Kyuso', '15'),
(939, '90109', 'Lita', '16'),
(940, '90100', 'Machakos', '16'),
(941, '90138', 'Makindu', '17'),
(942, '90300', 'Makueni', '17'),
(943, '90101', 'Masii', '16'),
(944, '90141', 'Masinga', '16'),
(945, '90406', 'Mathuki', '47'),
(946, '90140', 'Matiliku', '17'),
(947, '90210', 'Matinyani', '15'),
(948, '90119', 'Matuu', '16'),
(949, '90304', 'Mavindini', '17'),
(950, '90214', 'Mbitini', '15'),
(951, '90110', 'Mbiuni', '16'),
(952, '90402', 'Migwani', '15'),
(953, '90104', 'Mitaboni', '16'),
(954, '90112', 'Miu', '16'),
(955, '90128', 'Mtito Andei', '17'),
(956, '90128', 'Mtitu Andei', '17'),
(957, '90216', 'Mulango', '47'),
(958, '90211', 'Mutha', '17'),
(959, '90113', 'Muthetheni', '16'),
(960, '90117', 'Mutituni', '16'),
(961, '90201', 'Mutomo', '14'),
(962, '90114', 'Muumandu', '17'),
(963, '90102', 'Mwala', '16'),
(964, '90400', 'Mwingi', '15'),
(965, '90118', 'Ndalani', '16'),
(966, '90202', 'Ndooa', '15'),
(967, '90407', 'Nguni', '15'),
(968, '90129', 'Ngwata', '17'),
(969, '90149', 'Nthongoini', '47'),
(970, '90130', 'Nunguni', '17'),
(971, '90408', 'Nuu', '15'),
(972, '90136', 'Nzeeka', '17'),
(973, '90143', 'Nziu', '17'),
(974, '90301', 'Okia', '17'),
(975, '90132', 'Sultan Hamud', '17'),
(976, '90131', 'Tala', '16'),
(977, '90133', 'Tawa', '17'),
(978, '90409', 'Tseikuru', '15'),
(979, '90203', 'Tulia', '15'),
(980, '90212', 'Voo', '15'),
(981, '90103', 'Wamunyu', '16'),
(982, '90134', 'Yoani', '17'),
(983, '90213', 'Zombe', '15');

-- --------------------------------------------------------

--
-- Table structure for table `postal_codes_past`
--

CREATE TABLE `postal_codes_past` (
  `id` int(11) NOT NULL,
  `code` int(11) DEFAULT NULL,
  `office` varchar(255) DEFAULT NULL,
  `county_code` int(11) NOT NULL
) ENGINE=InnoDB DEFAULT CHARSET=utf8mb4;

--
-- Dumping data for table `postal_codes_past`
--

INSERT INTO `postal_codes_past` (`id`, `code`, `office`, `county_code`) VALUES
(1, 40101, 'Ahero', 42),
(2, 30101, 'Ainabkoi', 27),
(3, 40139, 'Akala', 41),
(4, 50244, 'Amagoro', 40),
(5, 20424, 'Amalo (Formerly Oloomirani)', 32),
(6, 50403, 'Amukura', 40),
(7, 40309, 'Asumbi', 43),
(8, 204, 'Athi River', 16),
(9, 40122, 'Awasi', 42),
(10, 20113, 'Bahati', 0),
(11, 80101, 'Bamburi', 0),
(12, 50316, 'Banja', 0),
(13, 20601, 'Baragoi', 0),
(14, 30306, 'Baraton', 0),
(15, 10302, 'Baricho ', 0),
(16, 1101, 'Bissel', 0),
(17, 50206, 'Bokoli', 0),
(18, 20400, 'Bomet', 0),
(19, 20101, 'Bondeni', 0),
(20, 40601, 'Bondo', 0),
(21, 50137, 'Booker', 0),
(22, 40620, 'Boro', 0),
(23, 50245, 'Brigadier', 0),
(24, 50105, 'Bukura', 0),
(25, 50109, 'Bulimbo', 0),
(26, 50404, 'Bumala', 0),
(27, 50200, 'Bungoma', 0),
(28, 70104, 'Bura Tana', 0),
(29, 30102, 'Burnt Forest', 0),
(30, 515, 'Buruburu', 0),
(31, 50400, 'Busia', 0),
(32, 50101, 'Butere', 0),
(33, 50405, 'Butula', 0),
(34, 50210, 'Buyofu', 0),
(35, 50302, 'Chamakanga', 0),
(36, 80102, 'Changamwe', 0),
(37, 50317, 'Chavakali', 0),
(38, 30706, 'Chebiemit', 0),
(39, 20215, 'Cheborge', 0),
(40, 20401, 'Chebunyo', 0),
(41, 20222, 'Chemamul', 0),
(42, 20407, 'Chemaner', 0),
(43, 40116, 'Chemelil', 0),
(44, 30605, 'Chepareria', 0),
(45, 30133, 'Chepkoilel', 0),
(46, 30129, 'Chepkorio', 0),
(47, 50201, 'Cheptais', 0),
(48, 20217, 'Chesinendet', 0),
(49, 60410, 'Chiakanyinga', 0),
(50, 60409, 'Chiakariga', 0),
(51, 60401, 'Chogoria', 0),
(52, 60400, 'Chuka', 0),
(53, 90147, 'Chumvi', 0),
(54, 80314, 'Chumvini', 0),
(55, 50202, 'Chwele', 0),
(56, 200, 'City Square', 0),
(57, 80103, 'Coast Gen. Hospital', 0),
(58, 70103, 'Dadaab', 0),
(59, 40112, 'Dago', 0),
(60, 516, 'Dandora', 0),
(61, 40117, 'Daraja Mbili', 0),
(62, 90145, 'Daystar', 0),
(63, 80401, 'Diani Beach', 0),
(64, 80104, 'Docks', 0),
(65, 10401, 'Doldol', 0),
(66, 1027, 'Donyosabuk', 0),
(67, 610, 'Eastleigh', 0),
(68, 20115, 'Egerton', 0),
(69, 90139, 'Ekalakala', 0),
(70, 20102, 'Elburgon', 0),
(71, 20103, 'Eldama Ravine', 0),
(72, 30100, 'Eldoret', 0),
(73, 70301, 'Elwak', 0),
(74, 90121, 'Emali', 0),
(75, 521, 'Embakasi', 0),
(76, 60100, 'Embu', 0),
(77, 50314, 'Emuhaya', 0),
(78, 10107, 'Endarasha', 0),
(79, 30201, 'Endebess', 0),
(80, 500, 'Enterprise Road', 0),
(81, 40208, 'Etago', 0),
(82, 80501, 'Faza', 0),
(83, 20209, 'Fort Ternan', 0),
(84, 50406, 'Funyula', 0),
(85, 100, 'G.P.O Nairobi', 0),
(86, 10210, 'Gacharage-Ini', 0),
(87, 60209, 'Gaitu', 0),
(88, 10109, 'Gakere Road', 0),
(89, 10111, 'Gakindu', 0),
(90, 10239, 'Gakungu', 0),
(91, 50318, 'Gambogi', 0),
(92, 80205, 'Ganze', 0),
(93, 60301, 'Garba Tulla', 0),
(94, 70100, 'Garissa', 0),
(95, 80201, 'Garsen', 0),
(96, 240, 'Gathugu', 0),
(97, 10114, 'Gatitu', 0),
(98, 1028, 'Gatukuyu', 0),
(99, 1030, 'Gatundu', 0),
(100, 60404, 'Gatunga', 0),
(101, 1013, 'Gatura', 0),
(102, 80208, 'Gede', 0),
(103, 40503, 'Gesima', 0),
(104, 40201, 'Gesusu', 0),
(105, 10108, 'Giakanja', 0),
(106, 601, 'Gigiri', 0),
(107, 10213, 'Gikoe', 0),
(108, 20116, 'Gilgil', 0),
(109, 50304, 'Gisambai', 0),
(110, 60212, 'Gitemene', 0),
(111, 60205, 'Githongo', 0),
(112, 216, 'Githunguri', 0),
(113, 1003, 'Gituamba', 0),
(114, 10209, 'Gitugi', 0),
(115, 80206, 'Gongoni', 0),
(116, 70202, 'Griftu', 0),
(117, 70201, 'Habaswein', 0),
(118, 50312, 'Hamisi', 0),
(119, 40640, 'Hawinga', 0),
(120, 70101, 'Hola', 0),
(121, 40300, 'Homa Bay', 0),
(122, 30109, 'Huruma', 0),
(123, 40209, 'Igare', 0),
(124, 60402, 'Igoji', 0),
(125, 20307, 'Igwamiti', 0),
(126, 90120, 'Iiani', 0),
(127, 90135, 'Ikalaasa', 0),
(128, 40501, 'Ikonge', 0),
(129, 90207, 'Ikutha', 0),
(130, 60405, 'Ikuu', 0),
(131, 60102, 'Ishiara', 0),
(132, 40414, 'Isibania', 0),
(133, 60300, 'Isiolo', 0),
(134, 30700, 'Iten', 0),
(135, 1015, 'Ithanga', 0),
(136, 501, 'J.K.I. Airport', 0),
(137, 101, 'Jamia', 0),
(138, 20157, 'Kabarak', 0),
(139, 30400, 'Kabarnet', 0),
(140, 30401, 'Kabartonjo', 0),
(141, 90205, 'Kabati', 0),
(142, 20114, 'Kabazi', 0),
(143, 2201, 'Kabianga', 0),
(144, 30303, 'Kabiyet', 0),
(145, 30601, 'Kacheliba', 0),
(146, 40223, 'Kadongo', 0),
(147, 10306, 'Kagio', 0),
(148, 10307, 'Kagumo', 0),
(149, 1033, 'Kagundu-Ini', 0),
(150, 223, 'Kagwe', 0),
(151, 20304, 'Kaheho', 0),
(152, 10206, 'Kahuhia', 0),
(153, 10201, 'Kahuro', 0),
(154, 1214, 'Kahuti ', 0),
(155, 50305, 'Kaimosi', 0),
(156, 1100, 'Kajiado', 0),
(157, 50100, 'Kakamega', 0),
(158, 30501, 'Kakuma', 0),
(159, 50115, 'Kakunga', 0),
(160, 90122, 'Kalamba', 0),
(161, 1001, 'Kalimoni', 0),
(162, 30502, 'Kalokol', 0),
(163, 80105, 'Kaloleni', 0),
(164, 20134, 'Kamara', 0),
(165, 50116, 'Kambiri', 0),
(166, 10226, 'Kambiti', 0),
(167, 607, 'Kamiti', 0),
(168, 30406, 'Kampi-Ya-Samaki', 0),
(169, 50216, 'Kamukuywa', 0),
(170, 50408, 'Kamuriai', 0),
(171, 90403, 'Kamuwongo', 0),
(172, 1034, 'Kandara', 0),
(173, 40304, 'Kandiege', 0),
(174, 10218, 'Kangari', 0),
(175, 10202, 'Kangema', 0),
(176, 625, 'Kangemi', 0),
(177, 90115, 'Kangundo', 0),
(178, 60118, 'Kanja', 0),
(179, 1004, 'Kanjuku', 0),
(180, 60206, 'Kanyakine', 0),
(181, 30304, 'Kapcheno', 0),
(182, 30204, 'Kapcherop', 0),
(183, 30600, 'Kapenguria', 0),
(184, 20214, 'Kapkatet', 0),
(185, 30300, 'Kapsabet', 0),
(186, 30208, 'Kapsara', 0),
(187, 20211, 'Kapsoit', 0),
(188, 50203, 'Kapsokwony', 0),
(189, 30705, 'Kapsowar', 0),
(190, 30114, 'Kaptagat', 0),
(191, 30701, 'Kaptarakwa', 0),
(192, 60105, 'Karaba', 0),
(193, 20328, 'Karandi', 0),
(194, 10101, 'Karatina', 0),
(195, 502, 'Karen', 0),
(196, 401, 'Karungu', 0),
(197, 219, 'Karuri', 0),
(198, 60117, 'Karurumo', 0),
(199, 90123, 'Kasikeu', 0),
(200, 90106, 'Katangi', 0),
(201, 90105, 'Kathiani', 0),
(202, 90302, 'Kathonzweni', 0),
(203, 60406, 'Kathwana', 0),
(204, 40118, 'Katito', 0),
(205, 90107, 'Kaviani', 0),
(206, 518, 'Kayole', 0),
(207, 40506, 'Kebirigo', 0),
(208, 20220, 'Kedowa', 0),
(209, 20501, 'Keekorok', 0),
(210, 40413, 'Kehancha', 0),
(211, 40301, 'Kendu Bay', 0),
(212, 80122, 'Kengeleni', 0),
(213, 1020, 'Kenol', 0),
(214, 202, 'Kenyatta N.Hospital', 0),
(215, 609, 'Kenyatta University', 0),
(216, 40211, 'Kenyenya', 0),
(217, 20200, 'Kericho', 0),
(218, 20131, 'Keringet', 0),
(219, 40202, 'Keroka', 0),
(220, 10300, 'Kerugoya', 0),
(221, 30215, 'Kesogon', 0),
(222, 40212, 'Keumbu', 0),
(223, 50104, 'Khayega', 0),
(224, 50135, 'Khwisero', 0),
(225, 10122, 'Kiamariga', 0),
(226, 900, 'Kiambu', 0),
(227, 10309, 'Kiamutugu', 0),
(228, 60602, 'Kianjai', 0),
(229, 60122, 'Kianjokoma', 0),
(230, 10301, 'Kianyaga', 0),
(231, 60201, 'Kibirichia', 0),
(232, 90137, 'Kibwezi', 0),
(233, 10102, 'Kiganjo', 0),
(234, 10203, 'Kigumo', 0),
(235, 10207, 'Kihoya', 0),
(236, 60207, 'Kiirua', 0),
(237, 220, 'Kijabe', 0),
(238, 90125, 'Kikima', 0),
(239, 80410, 'Kikoneni', 0),
(240, 902, 'Kikuyu', 0),
(241, 90305, 'Kilala', 0),
(242, 40700, 'Kilgoris', 0),
(243, 80108, 'Kilifi', 0),
(244, 80107, 'Kilindini', 0),
(245, 50315, 'Kilingili', 0),
(246, 10140, 'Kimathi Way', 0),
(247, 10310, 'Kimbimbi', 0),
(248, 50204, 'Kimilili', 0),
(249, 30209, 'Kiminini', 0),
(250, 20225, 'Kimulot', 0),
(251, 30128, 'Kimwarer', 0),
(252, 20320, 'Kinamba', 0),
(253, 80405, 'Kinango', 0),
(254, 227, 'Kinari', 0),
(255, 1031, 'Kindaruma', 0),
(256, 60216, 'Kinoru', 0),
(257, 60211, 'Kionyo', 0),
(258, 30103, 'Kipkabus', 0),
(259, 50241, 'Kipkarren River', 0),
(260, 20202, 'Kipkelion', 0),
(261, 20133, 'Kiptangwanyi', 0),
(262, 20213, 'Kiptere', 0),
(263, 20208, 'Kiptugumo', 0),
(264, 10204, 'Kiriaini', 0),
(265, 60113, 'Kiritiri', 0),
(266, 50313, 'Kiritu', 0),
(267, 1018, 'Kirwara', 0),
(268, 90204, 'Kisasi', 0),
(269, 206, 'Kiserian', 0),
(270, 40200, 'Kisii', 0),
(271, 40100, 'Kisumu', 0),
(272, 30200, 'Kitale', 0),
(273, 241, 'Kitengela', 0),
(274, 90124, 'Kithimani', 0),
(275, 60114, 'Kithimu', 0),
(276, 90144, 'Kithyoko', 0),
(277, 90303, 'Kitise', 0),
(278, 90200, 'Kitui', 0),
(279, 90111, 'Kivunga', 0),
(280, 30305, 'Kobujoi', 0),
(281, 90108, 'Kola', 0),
(282, 40102, 'Kombewa', 0),
(283, 40103, 'Kondele', 0),
(284, 10234, 'Kora', 0),
(285, 40104, 'Koru', 0),
(286, 4332, 'Kosele', 0),
(287, 50117, 'Koyonzo', 0),
(288, 60125, 'Kubu Kubu', 0),
(289, 10304, 'Kutus', 0),
(290, 80403, 'Kwale', 0),
(291, 90220, 'Kyatune', 0),
(292, 90209, 'Kyeni', 0),
(293, 90401, 'Kyuso', 0),
(294, 60601, 'Laare', 0),
(295, 20330, 'Laikipia Campus', 0),
(296, 60502, 'Laisamis', 0),
(297, 80500, 'Lamu', 0),
(298, 20112, 'Lanet', 0),
(299, 30112, 'Langas', 0),
(300, 509, 'Langata', 0),
(301, 603, 'Lavington', 0),
(302, 30302, 'Lessos', 0),
(303, 80110, 'Likoni', 0),
(304, 217, 'Limuru', 0),
(305, 20210, 'Litein', 0),
(306, 30500, 'Lodwar', 0),
(307, 209, 'Loitokitok', 0),
(308, 60501, 'Loiyangalani', 0),
(309, 30503, 'Lokichoggio', 0),
(310, 30504, 'Lokitaung', 0),
(311, 40701, 'Lolgorian', 0),
(312, 20203, 'Londiani', 0),
(313, 20402, 'Longisa', 0),
(314, 604, 'Lower Kabete', 0),
(315, 50307, 'Luanda', 0),
(316, 50240, 'Luandeti', 0),
(317, 50118, 'Lubao', 0),
(318, 50108, 'Lugari', 0),
(319, 50218, 'Lugulu', 0),
(320, 40623, 'Luhano', 0),
(321, 50230, 'Lukusi', 0),
(322, 50242, 'Lumakanda', 0),
(323, 80402, 'Lunga Lunga', 0),
(324, 50119, 'Lunza', 0),
(325, 50220, 'Lwakhakha', 0),
(326, 20147, 'Maai Mahiu', 0),
(327, 50235, 'Mabusi', 0),
(328, 90100, 'Machakos', 0),
(329, 1002, 'Madaraka', 0),
(330, 40613, 'Madiany', 0),
(331, 80207, 'Madina', 0),
(332, 205, 'Magadi', 0),
(333, 40516, 'Magena', 0),
(334, 50325, 'Mago', 0),
(335, 40507, 'Magombo', 0),
(336, 60403, 'Magumoni', 0),
(337, 40307, 'Magunga', 0),
(338, 60407, 'Magutuni', 0),
(339, 40508, 'Magwagwa', 0),
(340, 90138, 'Makindu', 0),
(341, 510, 'Makongeni', 0),
(342, 90300, 'Makueni', 0),
(343, 80112, 'Makupa', 0),
(344, 50209, 'Malakisi', 0),
(345, 50103, 'Malava', 0),
(346, 80200, 'Malindi', 0),
(347, 70300, 'Mandera', 0),
(348, 60101, 'Manyatta', 0),
(349, 50300, 'Maragoli', 0),
(350, 10205, 'Maragua', 0),
(351, 20600, 'Maralal', 0),
(352, 80113, 'Mariakani', 0),
(353, 30403, 'Marigat', 0),
(354, 60408, 'Marima', 0),
(355, 60215, 'Marimanti', 0),
(356, 20322, 'Marmanet', 0),
(357, 60500, 'Marsabit', 0),
(358, 70105, 'Masalani', 0),
(359, 40105, 'Maseno', 0),
(360, 1103, 'Mashuru', 0),
(361, 90101, 'Masii', 0),
(362, 90141, 'Masinga', 0),
(363, 221, 'Matathia', 0),
(364, 611, 'Mathare Valley', 0),
(365, 90140, 'Matiliku', 0),
(366, 80406, 'Matuga', 0),
(367, 30205, 'Matunda', 0),
(368, 90119, 'Matuu', 0),
(369, 60600, 'Maua', 0),
(370, 80317, 'Maungu', 0),
(371, 90304, 'Mavindini', 0),
(372, 40310, 'Mawego', 0),
(373, 80114, 'Mazeras', 0),
(374, 503, 'Mbagathi', 0),
(375, 10233, 'Mbiri', 0),
(376, 40305, 'Mbita', 0),
(377, 90214, 'Mbitini', 0),
(378, 90110, 'Mbiuni', 0),
(379, 90127, 'Mbumbuni', 0),
(380, 504, 'Mchumbi Rd', 0),
(381, 40123, 'Mega City', 0),
(382, 20104, 'Menengai', 0),
(383, 60303, 'Merti', 0),
(384, 60200, 'Meru', 0),
(385, 40319, 'Mfangano', 0),
(386, 80313, 'Mgambonyi', 0),
(387, 80306, 'Mgange', 0),
(388, 60604, 'Miathene', 0),
(389, 90402, 'Migwani', 0),
(390, 20301, 'Miharati', 0),
(391, 60607, 'Mikinduri', 0),
(392, 50138, 'Milimani', 0),
(393, 20123, 'Milton Siding', 0),
(394, 20124, 'Mirangine', 0),
(395, 40320, 'Mirogi', 0),
(396, 50207, 'Misikhu', 0),
(397, 90104, 'Mitaboni', 0),
(398, 60204, 'Mitunguu', 0),
(399, 90112, 'Miu', 0),
(400, 80106, 'Mkomani', 0),
(401, 519, 'Mlolongo', 0),
(402, 620, 'Mobil Plaza', 0),
(403, 70102, 'Modo Gashe', 0),
(404, 20403, 'Mogogosiek', 0),
(405, 20105, 'Mogotio', 0),
(406, 80115, 'Moi Airport', 0),
(407, 30107, 'Moi University', 0),
(408, 30202, 'Mois Bridge', 0),
(409, 30104, 'Moiben', 0),
(410, 40510, 'Mokomoni', 0),
(411, 80502, 'Mokowe', 0),
(412, 20106, 'Molo', 0),
(413, 80100, 'Mombasa G.P.O', 0),
(414, 30307, 'Mosoriot', 0),
(415, 60700, 'Moyale', 0),
(416, 80503, 'Mpeketoni', 0),
(417, 80404, 'Msambweni', 0),
(418, 90128, 'Mtitu Andei', 0),
(419, 80111, 'Mtongwe', 0),
(420, 80117, 'Mtopanga', 0),
(421, 80109, 'Mtwapa', 0),
(422, 50423, 'Mubwayo', 0),
(423, 10129, 'Mugunda', 0),
(424, 40107, 'Muhoroni', 0),
(425, 40409, 'Muhuru Bay', 0),
(426, 50225, 'Mukhe', 0),
(427, 10103, 'Mukurweini', 0),
(428, 50102, 'Mumias', 0),
(429, 10200, 'Muranga', 0),
(430, 50125, 'Musanda', 0),
(431, 90211, 'Mutha', 0),
(432, 619, 'Muthaiga', 0),
(433, 60605, 'Muthara', 0),
(434, 90113, 'Muthetheni', 0),
(435, 90117, 'Mutituni', 0),
(436, 90201, 'Mutomo', 0),
(437, 40628, 'Mutumbu', 0),
(438, 90102, 'Mwala', 0),
(439, 80305, 'Mwatate', 0),
(440, 10104, 'Mweiga', 0),
(441, 90400, 'Mwingi', 0),
(442, 50226, 'Myanga', 0),
(443, 20504, 'Nairage Enkare', 0),
(444, 20142, 'Naishi', 0),
(445, 50211, 'Naitiri', 0),
(446, 20117, 'Naivasha', 0),
(447, 20100, 'Nakuru', 0),
(448, 207, 'Namanga', 0),
(449, 50127, 'Nambacha', 0),
(450, 50409, 'Nambale', 0),
(451, 30301, 'Nandi Hills', 0),
(452, 40615, 'Nango', 0),
(453, 10400, 'Nanyuki', 0),
(454, 10105, 'Naro Moru', 0),
(455, 20500, 'Narok', 0),
(456, 90118, 'Ndalani', 0),
(457, 50212, 'Ndalu', 0),
(458, 20404, 'Ndanai', 0),
(459, 20306, 'Ndaragwa', 0),
(460, 229, 'Nderu', 0),
(461, 40302, 'Ndhiwa', 0),
(462, 1016, 'Ndithini', 0),
(463, 90202, 'Ndooa', 0),
(464, 40602, 'Ndori', 0),
(465, 20317, 'Ndunyu Njeru', 0),
(466, 80311, 'Ngambwa', 0),
(467, 40603, 'Ngiya', 0),
(468, 600, 'Ngara Road', 0),
(469, 218, 'Ngecha', 0),
(470, 901, 'Ngewa', 0),
(471, 30404, 'Nginyang', 0),
(472, 208, 'Ngong Hills', 0),
(473, 505, 'Ngong Road', 0),
(474, 90407, 'Nguni', 0),
(475, 90129, 'Ngwata', 0),
(476, 20107, 'Njoro', 0),
(477, 60214, 'Nkondi', 0),
(478, 60202, 'Nkubu', 0),
(479, 20318, 'North-Kinangop', 0),
(480, 90130, 'Nunguni', 0),
(481, 40124, 'Nyabondo', 0),
(482, 20300, 'Nyahururu', 0),
(483, 80118, 'Nyali.', 0),
(484, 40203, 'Nyamache', 0),
(485, 40206, 'Nyamarambe', 0),
(486, 40205, 'Nyambunwa', 0),
(487, 40500, 'Nyamira', 0),
(488, 40632, 'Nyamonye', 0),
(489, 40333, 'Nyandhiwa', 0),
(490, 40126, 'Nyangande', 0),
(491, 40127, 'Nyangori', 0),
(492, 40218, 'Nyangusu', 0),
(493, 40311, 'Nyangweso', 0),
(494, 40502, 'Nyansiongo', 0),
(495, 40514, 'Nyaramba', 0),
(496, 40402, 'Nyatike', 0),
(497, 506, 'Nyayo Stadium', 0),
(498, 10100, 'Nyeri', 0),
(499, 40611, 'Nyilima', 0),
(500, 90136, 'Nzeeka', 0),
(501, 90143, 'Nziu', 0),
(502, 40204, 'Ogembo', 0),
(503, 40323, 'Ogongo', 0),
(504, 90301, 'Okia', 0),
(505, 20303, 'Ol-Kalou', 0),
(506, 20302, 'Oljoro-Orok', 0),
(507, 20503, 'Ololulunga', 0),
(508, 20152, 'Olenguruone', 0),
(509, 40221, 'Omogonchoro', 0),
(510, 511, 'Ongata Rongai', 0),
(511, 30602, 'Ortum', 0),
(512, 10106, 'Othaya', 0),
(513, 40222, 'Oyugis', 0),
(514, 40111, 'Pap-Onditi', 0),
(515, 623, 'Parklands', 0),
(516, 40131, 'Paw Akuche', 0),
(517, 50410, 'Port Victoria', 0),
(518, 40132, 'Rabuor', 0),
(519, 40604, 'Ragengni', 0),
(520, 40412, 'Ranen', 0),
(521, 40303, 'Rangwe', 0),
(522, 40403, 'Rapogi', 0),
(523, 40137, 'Ratta', 0),
(524, 40133, 'Reru', 0),
(525, 70302, 'Rhamu', 0),
(526, 40511, 'Rigoma', 0),
(527, 40512, 'Riochanda', 0),
(528, 40220, 'Riosiri', 0),
(529, 40326, 'Rodi Kopany', 0),
(530, 300, 'Ronald Ngala St', 0),
(531, 20108, 'Rongai', 0),
(532, 40404, 'Rongo', 0),
(533, 20204, 'Roret', 0),
(534, 520, 'Ruai', 0),
(535, 618, 'Ruaraka', 0),
(536, 232, 'Ruiru', 0),
(537, 20321, 'Rumuruti', 0),
(538, 60103, 'Runyenjes', 0),
(539, 20313, 'Rurii', 0),
(540, 10133, 'Ruringu', 0),
(541, 10208, 'Saba-Saba', 0),
(542, 80308, 'Sagalla', 0),
(543, 10230, 'Sagana', 0),
(544, 80120, 'Samburu', 0),
(545, 40405, 'Sare', 0),
(546, 606, 'Sarit Centre', 0),
(547, 40612, 'Sawagongo', 0),
(548, 40614, 'Sega', 0),
(549, 50308, 'Serem', 0),
(550, 30407, 'Seretunin', 0),
(551, 50106, 'Shianda', 0),
(552, 80407, 'Shimba Hills', 0),
(553, 80409, 'Shimoni', 0),
(554, 50107, 'Shinyalu', 0),
(555, 60104, 'Siakago', 0),
(556, 40600, 'Siaya', 0),
(557, 40605, 'Sidindi', 0),
(558, 40635, 'Sigomre', 0),
(559, 20405, 'Sigor', 0),
(560, 20422, 'Silibwet', 0),
(561, 40308, 'Sindo', 0),
(562, 20423, 'Siongiroi', 0),
(563, 50208, 'Sirisia', 0),
(564, 20128, 'Solai', 0),
(565, 40109, 'Sondu', 0),
(566, 40110, 'Songhor', 0),
(567, 20205, 'Sosiot', 0),
(568, 20406, 'Sotik', 0),
(569, 20319, 'South-Kinangop', 0),
(570, 30105, 'Soy', 0),
(571, 40418, 'Suba-Kuria', 0),
(572, 20109, 'Subukia', 0),
(573, 20602, 'Suguta Mar Mar', 0),
(574, 20151, 'Sulmac', 0),
(575, 90132, 'Sultan Hamud', 0),
(576, 40400, 'Suna', 0),
(577, 40229, 'Tabaka', 0),
(578, 70303, 'Takaba', 0),
(579, 9013, 'Tala', 0),
(580, 30704, 'Tambach', 0),
(581, 80309, 'Tausa', 0),
(582, 80302, 'Taveta', 0),
(583, 90133, 'Tawa', 0),
(584, 30405, 'Tenges', 0),
(585, 1000, 'Thika', 0),
(586, 10406, 'Timau', 0),
(587, 20110, 'Timber Mills', 0),
(588, 30108, 'Timboroa', 0),
(589, 50309, 'Tiriki', 0),
(590, 400, 'Tom Mboya St', 0),
(591, 30707, 'Tot', 0),
(592, 90203, 'Tulia', 0),
(593, 60213, 'Tunyai', 0),
(594, 30106, 'Turbo', 0),
(595, 40606, 'Ugunja', 0),
(596, 517, 'Uhuru Gardens', 0),
(597, 80400, 'Ukunda', 0),
(598, 40607, 'Ukwala', 0),
(599, 222, 'Uplands', 0),
(600, 40608, 'Uranga', 0),
(601, 40228, 'Uriri', 0),
(602, 40609, 'Usenge', 0),
(603, 605, 'Uthiru', 0),
(604, 50310, 'Vihiga', 0),
(605, 621, 'Village Market', 0),
(606, 80119, 'Vipingo', 0),
(607, 80211, 'Vitengeni', 0),
(608, 507, 'Viwandani', 0),
(609, 80300, 'Voi', 0),
(610, 60121, 'Wachoro', 0),
(611, 70200, 'Wajir', 0),
(612, 20603, 'Wamba', 0),
(613, 90103, 'Wamunyu', 0),
(614, 614, 'Wangige', 0),
(615, 10303, 'Wanguru', 0),
(616, 20305, 'Wanjohi', 0),
(617, 80202, 'Watamu', 0),
(618, 50205, 'Webuye', 0),
(619, 30603, 'Wei-Wei', 0),
(620, 80303, 'Werugha', 0),
(621, 800, 'Westlands', 0),
(622, 40141, 'Winam (Kisumu Gpo Extn.)', 0),
(623, 80504, 'Witu', 0),
(624, 50311, 'Wodanga', 0),
(625, 80304, 'Wundanyi', 0),
(626, 40610, 'Yala', 0),
(627, 508, 'Yaya Towers', 0),
(628, 90134, 'Yoani', 0),
(629, 30214, 'Ziwa', 0),
(630, 90213, 'Zombe', 0);

-- --------------------------------------------------------

--
-- Table structure for table `sub_counties`
--

CREATE TABLE `sub_counties` (
  `id` int(11) NOT NULL,
  `subcounty_code` int(11) DEFAULT NULL,
  `county_code` int(11) DEFAULT NULL,
  `subcounty_name` varchar(255) DEFAULT NULL
) ENGINE=InnoDB DEFAULT CHARSET=utf8mb4;

--
-- Dumping data for table `sub_counties`
--

INSERT INTO `sub_counties` (`id`, `subcounty_code`, `county_code`, `subcounty_name`) VALUES
(1, 1, 1, 'Changamwe'),
(2, 2, 1, 'Jomvu'),
(3, 3, 1, 'Kisauni'),
(4, 4, 1, 'Nyali'),
(5, 5, 1, 'Likoni'),
(6, 6, 1, 'Mvita'),
(7, 7, 2, 'Msambweni'),
(8, 8, 2, 'Lunga Lunga'),
(9, 9, 2, 'Kwale'),
(10, 10, 2, 'Kinango'),
(11, 11, 3, 'Bahari(Kilifi)'),
(12, 12, 3, 'Kilifi South'),
(13, 13, 3, 'Kaloleni'),
(14, 14, 3, 'Rabai'),
(15, 15, 3, 'Ganze'),
(16, 16, 3, 'Malindi'),
(17, 17, 3, 'Magarini'),
(18, 18, 4, 'Tana Delta'),
(19, 19, 4, 'Tana River'),
(20, 20, 4, 'Bura(Tana North)'),
(21, 21, 5, 'Lamu East'),
(22, 22, 5, 'Lamu West'),
(23, 23, 6, 'Taveta'),
(24, 24, 6, 'Wundanyi(Taita)'),
(25, 25, 6, 'Mwatate'),
(26, 26, 6, 'Voi'),
(27, 27, 7, 'Hulugho'),
(28, 28, 7, 'Liara'),
(29, 29, 7, 'Balambala'),
(30, 30, 7, 'Lagdera'),
(31, 31, 7, 'Dadaab'),
(32, 32, 7, 'Fafi'),
(33, 33, 7, 'Ijara'),
(34, 34, 8, 'Wajir North'),
(35, 35, 8, 'Wajir East'),
(36, 36, 8, 'Buna'),
(37, 37, 8, 'Habaswein'),
(38, 38, 8, 'Tarbaj'),
(39, 39, 8, 'Wajir West'),
(40, 40, 8, 'Eldas'),
(41, 41, 8, 'Wajir South'),
(42, 42, 9, 'Mandera West'),
(43, 43, 9, 'Banisa'),
(44, 44, 9, 'Mandera North'),
(45, 45, 9, 'Mandera Central'),
(46, 46, 9, 'Mandera East'),
(47, 47, 9, 'Lafey'),
(48, 48, 10, 'Moyale'),
(49, 49, 10, 'Marsabit'),
(50, 50, 10, 'Horr North'),
(51, 51, 10, 'Loiyangalani'),
(52, 52, 10, 'Chalbi'),
(53, 53, 10, 'Sololo'),
(54, 54, 10, 'Marsabit South(Laisamis)'),
(55, 55, 11, 'Garbatula'),
(56, 56, 11, 'Isiolo'),
(57, 57, 11, 'Merti'),
(58, 58, 12, 'Igembe South'),
(59, 59, 12, 'Igembe Central'),
(60, 60, 12, 'Igembe North'),
(61, 61, 12, 'Imenti South'),
(62, 62, 12, 'Imenti North'),
(63, 63, 12, 'Meru Central'),
(64, 64, 12, 'Tigania Central'),
(65, 65, 12, 'Tigania East'),
(66, 66, 12, 'Tigania West'),
(67, 67, 12, 'Buuri'),
(68, 68, 13, 'Meru South'),
(69, 69, 13, 'Maara'),
(70, 70, 13, 'Tharaka South'),
(71, 71, 13, 'Tharaka North'),
(72, 72, 14, 'Embu East'),
(73, 73, 14, 'Embu North'),
(74, 74, 14, 'Embu West'),
(75, 75, 14, 'Mbeere North'),
(76, 76, 14, 'Mbeere South'),
(77, 77, 15, 'Mwingi Central'),
(78, 78, 15, 'Mwingi West'),
(79, 79, 15, 'Mwingi East'),
(80, 80, 15, 'Kitui West'),
(81, 81, 15, 'Kitui Central'),
(82, 82, 15, 'Nzambani'),
(83, 83, 15, 'Mutomo'),
(84, 84, 15, 'Mutomo'),
(85, 85, 15, 'Ikutha'),
(86, 86, 15, 'Katulani'),
(87, 87, 15, 'Kisasi'),
(88, 88, 15, 'Kyuso'),
(89, 89, 15, 'Lower Yatta'),
(90, 90, 15, 'Matinyani'),
(91, 91, 15, 'Mumoni'),
(92, 92, 15, 'Mutito'),
(93, 93, 16, 'Masinga'),
(94, 94, 16, 'Yatta'),
(95, 95, 16, 'Kangundo'),
(96, 96, 16, 'Matungulu'),
(97, 97, 16, 'Kathiani'),
(98, 98, 16, 'Athi River'),
(99, 99, 16, 'Machakos '),
(100, 100, 16, 'Mwala'),
(101, 101, 17, 'Kibwezi'),
(102, 102, 17, 'Kilungu'),
(103, 103, 17, 'Makindu'),
(104, 104, 17, 'Makueni'),
(105, 105, 17, 'Mbooni West'),
(106, 106, 17, 'Mbooni East'),
(107, 107, 17, 'Kathonzweni'),
(108, 108, 17, 'Mukaa'),
(109, 109, 17, 'Nzaui'),
(110, 110, 18, 'Kinangop'),
(111, 111, 18, 'Kipipiri'),
(112, 112, 18, 'Mirangine'),
(113, 113, 18, 'Nyandarua Central'),
(114, 114, 18, 'Nyandarua North'),
(115, 115, 18, 'Nyandarua South'),
(116, 116, 18, 'Nyandarua West'),
(117, 117, 19, 'Tetu'),
(118, 118, 19, 'Kieni East'),
(119, 119, 19, 'Kieni West'),
(120, 120, 19, 'Mathira East'),
(121, 121, 19, 'Mathira West'),
(122, 122, 19, 'Mukurwe-ini'),
(123, 123, 19, 'Nyeri Central'),
(124, 124, 19, 'Nyeri South'),
(125, 125, 20, 'Kirinyaga Central'),
(126, 126, 20, 'Kirinyaga East'),
(127, 127, 20, 'Kiinyaga West'),
(128, 128, 20, 'Mwea East'),
(129, 129, 20, 'Mwea West'),
(130, 130, 21, 'Kangema'),
(131, 131, 21, 'Mathioya'),
(132, 132, 21, 'Kahuro'),
(133, 133, 21, 'Kigumo'),
(134, 134, 21, 'Murang\'a East'),
(135, 135, 21, 'Kandara'),
(136, 136, 21, 'Gatanga'),
(137, 137, 21, 'Murang\'a south'),
(138, 138, 22, 'Gatundu South'),
(139, 139, 22, 'Gatundu North'),
(140, 140, 22, 'Juja'),
(141, 141, 22, 'Ruiru'),
(142, 142, 22, 'Githunguri'),
(143, 143, 22, 'Kiambu'),
(144, 144, 22, 'Kiambaa'),
(145, 145, 22, 'Kabete'),
(146, 146, 22, 'Kikuyu'),
(147, 147, 22, 'Limuru'),
(148, 148, 22, 'Lari'),
(149, 149, 22, 'Thika East'),
(150, 150, 22, 'Thika West'),
(151, 151, 23, 'Turkana North'),
(152, 152, 23, 'Turkana West'),
(153, 153, 23, 'Turkana Central'),
(154, 154, 23, 'Loima'),
(155, 155, 23, 'Turkana South'),
(156, 156, 23, 'Turkana East'),
(157, 157, 23, 'Kibish'),
(158, 158, 24, 'Kipkomo'),
(159, 159, 24, 'Pokot Central'),
(160, 160, 24, 'Pokot North'),
(161, 161, 24, 'Pokot South'),
(162, 162, 24, 'West Pokot'),
(163, 163, 25, 'Samburu Central'),
(164, 164, 25, 'Samburu North'),
(165, 165, 25, 'Samburu East'),
(166, 166, 26, 'Kwanza'),
(167, 167, 26, 'Endebes'),
(168, 168, 26, 'Transzoia East'),
(169, 169, 26, 'Kiminini'),
(170, 170, 26, 'Transzoia West'),
(171, 171, 27, 'Soy'),
(172, 172, 27, 'Wareng'),
(173, 173, 27, 'Moiben'),
(174, 174, 27, 'Eldoret West'),
(175, 175, 27, 'Eldoret East'),
(176, 176, 27, 'Kesses'),
(177, 177, 28, 'Marakwet East'),
(178, 178, 28, 'Marakwet West'),
(179, 179, 28, 'Keiyo'),
(180, 180, 28, 'Keiyo South'),
(181, 181, 29, 'Tinderet'),
(182, 182, 29, 'Nandi Central'),
(183, 183, 29, 'Nandi East'),
(184, 184, 29, 'Chesumei'),
(185, 185, 29, 'Nandi North'),
(186, 186, 29, 'Nandi South'),
(187, 187, 30, 'East Pokot'),
(188, 188, 30, 'Baringo North'),
(189, 189, 30, 'Baringo Central'),
(190, 190, 30, 'Koibatek'),
(191, 191, 30, 'Marigat'),
(192, 192, 30, 'Mogotio'),
(193, 193, 31, 'Laikipia West'),
(194, 194, 31, 'Laikipia East'),
(195, 195, 31, 'Laikipia North'),
(196, 196, 31, 'Laikipia Central'),
(197, 197, 31, 'Nyahururu'),
(198, 198, 32, 'Molo'),
(199, 199, 32, 'Njoro'),
(200, 200, 32, 'Naivasha'),
(201, 201, 32, 'Gilgil'),
(202, 202, 32, 'Kuresoi '),
(203, 203, 32, 'Kuresoi North'),
(204, 204, 32, 'Subukia'),
(205, 205, 32, 'Rongai'),
(206, 206, 32, 'Nakuru'),
(207, 207, 32, 'Nakuru West'),
(208, 208, 32, 'Nakuru North'),
(209, 209, 33, 'Narok North'),
(210, 210, 33, 'Narok East'),
(211, 211, 33, 'Narok South'),
(212, 212, 33, 'Narok West'),
(213, 213, 33, 'Transmara East'),
(214, 214, 33, 'Transmara West'),
(215, 215, 34, 'Kajiado North'),
(216, 216, 34, 'Kajiado Central'),
(217, 217, 34, 'Kajiado West'),
(218, 218, 34, 'Isinya'),
(219, 219, 34, 'Loitokitok'),
(220, 220, 34, 'Mashuuru'),
(221, 221, 35, 'Kipkelion '),
(222, 222, 35, 'Kericho'),
(223, 223, 35, 'Londiani'),
(224, 224, 35, 'Bureti'),
(225, 225, 35, 'Belgut'),
(226, 226, 35, 'Sigowei/Soin'),
(227, 227, 36, 'Sotik'),
(228, 228, 36, 'Chepalungu'),
(229, 229, 36, 'Bomet East'),
(230, 230, 36, 'Bomet '),
(231, 231, 36, 'Konoin'),
(232, 232, 37, 'Lugari'),
(233, 233, 37, 'Matete'),
(234, 234, 37, 'Likuyani'),
(235, 235, 37, 'Kakamega Central'),
(236, 236, 37, 'Kakamega East'),
(237, 237, 37, 'Navakholo'),
(238, 238, 37, 'Mumias '),
(239, 239, 37, 'Mumias East'),
(240, 240, 37, 'Matungu'),
(241, 241, 37, 'Butere'),
(242, 242, 37, 'Khwisero'),
(243, 243, 37, 'Kakamega North'),
(244, 244, 37, 'Kakamega South'),
(245, 245, 38, 'Vihiga'),
(246, 246, 38, 'Sabatia'),
(247, 247, 38, 'Hamisi'),
(248, 248, 38, 'Luanda'),
(249, 249, 38, 'Emuhaya'),
(250, 250, 39, 'Mt. Elgon'),
(251, 251, 39, 'Bungoma Central'),
(252, 252, 39, 'Bungoma East'),
(253, 253, 39, 'Bungoma North'),
(254, 254, 39, 'Bungoma South'),
(255, 255, 39, 'Bungoma West'),
(256, 256, 39, 'Webuye West'),
(257, 257, 39, 'Cheptais'),
(258, 258, 39, 'Kimilili'),
(259, 259, 39, 'Bumula'),
(260, 260, 40, 'Teso North'),
(261, 261, 40, 'Teso South'),
(262, 262, 40, 'Nambale'),
(263, 263, 40, 'Bunyala'),
(264, 264, 40, 'Busia'),
(265, 265, 40, 'Butula'),
(266, 266, 40, 'Samia'),
(267, 267, 41, 'Ugenya'),
(268, 268, 41, 'Ugunja'),
(269, 269, 41, 'Siaya'),
(270, 270, 41, 'Gem'),
(271, 271, 41, 'Bondo'),
(272, 272, 41, 'Rarieda'),
(273, 273, 42, 'Kisumu East'),
(274, 274, 42, 'Kisumu West'),
(275, 275, 42, 'Kisumu Central'),
(276, 276, 42, 'Seme'),
(277, 277, 42, 'Nyando'),
(278, 278, 42, 'Muhoroni'),
(279, 279, 42, 'Nyakach'),
(280, 280, 43, 'Mbita'),
(281, 281, 43, 'Rachuonyo East'),
(282, 282, 43, 'Rachuonyo North'),
(283, 283, 43, 'Rachuonyo South'),
(284, 284, 43, 'Homa Bay'),
(285, 285, 43, 'Ndhiwa'),
(286, 286, 43, 'Rangwe'),
(287, 287, 43, 'Suba '),
(288, 288, 44, 'Rongo'),
(289, 289, 44, 'Awendo'),
(290, 290, 44, 'Migori'),
(291, 291, 44, 'Suna West'),
(292, 292, 44, 'Uriri'),
(293, 293, 44, 'Nyatike'),
(294, 294, 44, 'Kuria West'),
(295, 295, 44, 'Kuria East'),
(296, 296, 45, 'Gucha'),
(297, 297, 45, 'Gucha South'),
(298, 298, 45, 'Kenyenya'),
(299, 299, 45, 'Kisii Central'),
(300, 300, 45, 'Kisii South'),
(301, 301, 45, 'Kitutu Central'),
(302, 302, 45, 'Marani'),
(303, 303, 45, 'Masaba south'),
(304, 304, 45, 'Nyamache'),
(305, 305, 45, 'Sameta'),
(306, 306, 46, 'Manga'),
(307, 307, 46, 'Masaba North'),
(308, 308, 46, 'Borabu'),
(309, 309, 46, 'Nyamira North'),
(310, 310, 46, 'Nyamira South'),
(311, 311, 47, 'Westlands'),
(312, 312, 47, 'Dagoretti'),
(313, 313, 47, 'Langata'),
(314, 314, 47, 'Kibra'),
(315, 315, 47, 'Kasarani'),
(316, 316, 47, 'Embakasi'),
(317, 317, 47, 'Makadara'),
(318, 318, 47, 'Kamukunji'),
(319, 319, 47, 'Starehe'),
(320, 320, 47, 'Mathare'),
(321, 321, 47, 'Njiru');

-- --------------------------------------------------------

--
-- Table structure for table `wards`
--

CREATE TABLE `wards` (
  `id` int(11) NOT NULL,
  `constituency_code` int(11) DEFAULT NULL,
  `ward_code` int(11) DEFAULT NULL,
  `ward_name` varchar(255) DEFAULT NULL
) ENGINE=InnoDB DEFAULT CHARSET=utf8mb4;

--
-- Dumping data for table `wards`
--

INSERT INTO `wards` (`id`, `constituency_code`, `ward_code`, `ward_name`) VALUES
(1, 1, 1, 'Port Reitz'),
(2, 1, 2, 'Kipevu'),
(3, 1, 3, 'Airport'),
(4, 1, 4, 'Changamwe'),
(5, 1, 5, 'Chaani'),
(6, 2, 6, 'Jomvu Kuu'),
(7, 2, 7, 'Miritini'),
(8, 2, 8, 'Mikindani'),
(9, 3, 9, 'Mjambere'),
(10, 3, 10, 'Junda'),
(11, 3, 11, 'Bamburi'),
(12, 3, 12, 'Mwakirunge'),
(13, 3, 13, 'Mtopanga'),
(14, 3, 14, 'Magogoni'),
(15, 3, 15, 'Shanzu'),
(16, 4, 16, 'Frere Town'),
(17, 4, 17, 'Ziwa La Ng\'ombe'),
(18, 4, 18, 'Mkomani'),
(19, 4, 19, 'Kongowea'),
(20, 4, 20, 'Kadzandani'),
(21, 5, 21, 'Mtongwe'),
(22, 5, 22, 'Shika Adabu'),
(23, 5, 23, 'Bofu'),
(24, 5, 24, 'Likoni'),
(25, 5, 25, 'Timbwani'),
(26, 6, 26, 'Mji Wa Kale/Makadara'),
(27, 6, 27, 'Tudor'),
(28, 6, 28, 'Tononoka'),
(29, 6, 29, 'Shimanzi/Ganjoni'),
(30, 6, 30, 'Majengo'),
(31, 7, 31, 'Gombato Bongwe'),
(32, 7, 32, 'Ukunda'),
(33, 7, 33, 'Kinondo'),
(34, 7, 34, 'Ramisi'),
(35, 8, 35, 'Pongwe/Kikoneni'),
(36, 8, 36, 'Dzombo'),
(37, 8, 37, 'Mwereni'),
(38, 8, 38, 'Vanga'),
(39, 9, 39, 'Tsimba Golini'),
(40, 9, 40, 'Waa'),
(41, 9, 41, 'Tiwi'),
(42, 9, 42, 'Kubo South'),
(43, 9, 43, 'Mkongani'),
(44, 10, 44, 'Ndavaya'),
(45, 10, 45, 'Puma'),
(46, 10, 46, 'Kinango'),
(47, 10, 47, 'Mackinnon Road'),
(48, 10, 48, 'Chengoni/Samburu'),
(49, 10, 49, 'Mwavumbo'),
(50, 10, 50, 'Kasemeni'),
(51, 11, 51, 'Tezo'),
(52, 11, 52, 'Sokoni'),
(53, 11, 53, 'Kibarani'),
(54, 11, 54, 'Dabaso'),
(55, 11, 55, 'Matsangoni'),
(56, 11, 56, 'Watamu'),
(57, 11, 57, 'Mnarani'),
(58, 12, 58, 'Junju'),
(59, 12, 59, 'Mwarakaya'),
(60, 12, 60, 'Shimo La Tewa'),
(61, 12, 61, 'Chasimba'),
(62, 12, 62, 'Mtepeni'),
(63, 13, 63, 'Mariakani'),
(64, 13, 64, 'Kayafungo'),
(65, 13, 65, 'Kaloleni'),
(66, 13, 66, 'Mwanamwinga'),
(67, 14, 67, 'Mwawesa'),
(68, 14, 68, 'Ruruma'),
(69, 14, 69, 'Kambe/Ribe'),
(70, 14, 70, 'Rabai/Kisurutini'),
(71, 15, 71, 'Ganze'),
(72, 15, 72, 'Bamba'),
(73, 15, 73, 'Jaribuni'),
(74, 15, 74, 'Sokoke'),
(75, 16, 75, 'Jilore'),
(76, 16, 76, 'Kakuyuni'),
(77, 16, 77, 'Ganda'),
(78, 16, 78, 'Malindi Town'),
(79, 16, 79, 'Shella'),
(80, 17, 80, 'Marafa'),
(81, 17, 81, 'Magarini'),
(82, 17, 82, 'Gongoni'),
(83, 17, 83, 'Adu'),
(84, 17, 84, 'Garashi'),
(85, 17, 85, 'Sabaki'),
(86, 18, 86, 'Kipini East'),
(87, 18, 87, 'Garsen South'),
(88, 18, 88, 'Kipini West'),
(89, 18, 89, 'Garsen Central'),
(90, 18, 90, 'Garsen West'),
(91, 18, 91, 'Garsen North'),
(92, 19, 92, 'Kinakomba'),
(93, 19, 93, 'Mikinduni'),
(94, 19, 94, 'Chewani'),
(95, 19, 95, 'Wayu'),
(96, 20, 96, 'Chewele'),
(97, 20, 97, 'Hirimani'),
(98, 20, 98, 'Bangale'),
(99, 20, 99, 'Sala'),
(100, 20, 100, 'Madogo'),
(101, 21, 101, 'Faza'),
(102, 21, 102, 'Kiunga'),
(103, 21, 103, 'Basuba'),
(104, 22, 104, 'Shella'),
(105, 22, 105, 'Mkomani'),
(106, 22, 106, 'Hindi'),
(107, 22, 107, 'Mkunumbi'),
(108, 22, 108, 'Hongwe'),
(109, 22, 109, 'Witu'),
(110, 22, 110, 'Bahari'),
(111, 23, 111, 'Chala'),
(112, 23, 112, 'Mahoo'),
(113, 23, 113, 'Bomani'),
(114, 23, 114, 'Mboghoni'),
(115, 23, 115, 'Mata'),
(116, 24, 116, 'Wundanyi/Mbale'),
(117, 24, 117, 'Werugha'),
(118, 24, 118, 'Wumingu/Kishushe'),
(119, 24, 119, 'Mwanda/Mgange'),
(120, 25, 120, 'Rong\'e'),
(121, 25, 121, 'Mwatate'),
(122, 25, 122, 'Bura'),
(123, 25, 123, 'Chawia'),
(124, 25, 124, 'Wusi/Kishamba'),
(125, 26, 125, 'Mbololo'),
(126, 26, 126, 'Sagalla'),
(127, 26, 127, 'Kaloleni'),
(128, 26, 128, 'Marungu'),
(129, 26, 129, 'Kasigau'),
(130, 26, 130, 'Ngolia'),
(131, 27, 131, 'Waberi'),
(132, 27, 132, 'Galbet'),
(133, 27, 133, 'Township'),
(134, 27, 134, 'Iftin'),
(135, 28, 135, 'Balambala'),
(136, 28, 136, 'Danyere'),
(137, 28, 137, 'Jara Jara'),
(138, 28, 138, 'Saka'),
(139, 28, 139, 'Sankuri'),
(140, 29, 140, 'Modogashe'),
(141, 29, 141, 'Benane'),
(142, 29, 142, 'Goreale'),
(143, 29, 143, 'Maalimin'),
(144, 29, 144, 'Sabena'),
(145, 29, 145, 'Baraki'),
(146, 30, 146, 'Dertu'),
(147, 30, 147, 'Dadaab'),
(148, 30, 148, 'Labasigale'),
(149, 30, 149, 'Damajale'),
(150, 30, 150, 'Liboi'),
(151, 30, 151, 'Abakaile'),
(152, 31, 152, 'Bura'),
(153, 31, 153, 'Dekaharia'),
(154, 31, 154, 'Jarajila'),
(155, 31, 155, 'Fafi'),
(156, 31, 156, 'Nanighi'),
(157, 32, 157, 'Hulugho'),
(158, 32, 158, 'Sangailu'),
(159, 32, 159, 'Ijara'),
(160, 32, 160, 'Masalani'),
(161, 33, 161, 'Gurar'),
(162, 33, 162, 'Bute'),
(163, 33, 163, 'Korondile'),
(164, 33, 164, 'Malkagufu'),
(165, 33, 165, 'Batalu'),
(166, 33, 166, 'Danaba'),
(167, 33, 167, 'Godoma'),
(168, 34, 168, 'Wagberi'),
(169, 34, 169, 'Township'),
(170, 34, 170, 'Barwago'),
(171, 34, 171, 'Khorof/Harar'),
(172, 35, 172, 'Elben'),
(173, 35, 173, 'Sarman'),
(174, 35, 174, 'Tarbaj'),
(175, 35, 175, 'Wargadud'),
(176, 36, 176, 'Arbajahan'),
(177, 36, 177, 'Hadado/Athibohol'),
(178, 36, 178, 'Adamasajide'),
(179, 36, 179, 'Ganyure/Wagalla'),
(180, 37, 180, 'Eldas'),
(181, 37, 181, 'Della'),
(182, 37, 182, 'Lakoley South/Basir'),
(183, 37, 183, 'Elnur/Tula Tula'),
(184, 38, 184, 'Benane'),
(185, 38, 185, 'Burder'),
(186, 38, 186, 'Dadaja Bulla'),
(187, 38, 187, 'Habasswein'),
(188, 38, 188, 'Lagboghol South'),
(189, 38, 189, 'Ibrahim Ure'),
(190, 38, 190, 'Diif'),
(191, 39, 191, 'Takaba South'),
(192, 39, 192, 'Takaba'),
(193, 39, 193, 'Lagsure'),
(194, 39, 194, 'Dandu'),
(195, 39, 195, 'Gither'),
(196, 40, 196, 'Banissa'),
(197, 40, 197, 'Derkhale'),
(198, 40, 198, 'Guba'),
(199, 40, 199, 'Malkamari'),
(200, 40, 200, 'Kiliwehiri'),
(201, 41, 201, 'Ashabito'),
(202, 41, 202, 'Guticha'),
(203, 41, 203, 'Morothile'),
(204, 41, 204, 'Rhamu'),
(205, 41, 205, 'Rhamu-Dimtu'),
(206, 42, 206, 'Wargadud'),
(207, 42, 207, 'Kutulo'),
(208, 42, 208, 'Elwak South'),
(209, 42, 209, 'Elwak North'),
(210, 42, 210, 'Shimbir Fatuma'),
(211, 43, 211, 'Arabia'),
(212, 43, 212, 'Township'),
(213, 43, 213, 'Neboi'),
(214, 43, 214, 'Khalalio'),
(215, 43, 215, 'Libehia'),
(216, 44, 216, 'Sala'),
(217, 44, 217, 'Fino'),
(218, 44, 218, 'Lafey'),
(219, 44, 219, 'Waranqara'),
(220, 44, 220, 'Alango Gof'),
(221, 45, 221, 'Butiye'),
(222, 45, 222, 'Sololo'),
(223, 45, 223, 'Heillu/Manyatta'),
(224, 45, 224, 'Golbo'),
(225, 45, 225, 'Moyale Township'),
(226, 45, 226, 'Uran'),
(227, 45, 227, 'Obbu'),
(228, 46, 228, 'Dukana'),
(229, 46, 229, 'Maikona'),
(230, 46, 230, 'Turbi'),
(231, 46, 231, 'North Horr'),
(232, 46, 232, 'Illeret'),
(233, 47, 233, 'Sagante/Jaldesa'),
(234, 47, 234, 'Karare'),
(235, 47, 235, 'Marsabit Central'),
(236, 48, 236, 'Loiyangalani'),
(237, 48, 237, 'Kargi/South Horr'),
(238, 48, 238, 'Korr/Ngurunit'),
(239, 48, 239, 'Logo Logo'),
(240, 48, 240, 'Laisamis'),
(241, 49, 241, 'Wabera'),
(242, 49, 242, 'Bulla Pesa'),
(243, 49, 243, 'Chari'),
(244, 49, 244, 'Cherab'),
(245, 49, 245, 'Ngare Mara'),
(246, 49, 246, 'Burat'),
(247, 49, 247, 'Oldo/Nyiro'),
(248, 50, 248, 'Garbatulla'),
(249, 50, 249, 'Kinna'),
(250, 50, 250, 'Sericho'),
(251, 51, 251, 'Maua'),
(252, 51, 252, 'Kiegoi/Antubochiu'),
(253, 51, 253, 'Athiru Gaiti'),
(254, 51, 254, 'Akachiu'),
(255, 51, 255, 'Kanuni'),
(256, 52, 256, 'Akirang\'Ondu'),
(257, 52, 257, 'Athiru Ruujine'),
(258, 52, 258, 'Igembe East'),
(259, 52, 259, 'Njia'),
(260, 52, 260, 'Kangeta'),
(261, 53, 261, 'Antuambui'),
(262, 53, 262, 'Ntunene'),
(263, 53, 263, 'Antubetwe Kiongo'),
(264, 53, 264, 'Naathu'),
(265, 53, 265, 'Amwathi'),
(266, 54, 266, 'Athwana'),
(267, 54, 267, 'Akithii'),
(268, 54, 268, 'Kianjai'),
(269, 54, 269, 'Nkomo'),
(270, 54, 270, 'Mbeu'),
(271, 55, 271, 'Thangatha'),
(272, 55, 272, 'Mikinduri'),
(273, 55, 273, 'Kiguchwa'),
(274, 55, 274, 'Muthara'),
(275, 55, 275, 'Karama'),
(276, 56, 276, 'Municipality'),
(277, 56, 277, 'Ntima East'),
(278, 56, 278, 'Ntima West'),
(279, 56, 279, 'Nyaki West'),
(280, 56, 280, 'Nyaki East'),
(281, 57, 281, 'Timau'),
(282, 57, 282, 'Kisima'),
(283, 57, 283, 'Kiirua/Naari'),
(284, 57, 284, 'Ruiri/Rwarera'),
(285, 57, 289, 'Kibirichia'),
(286, 58, 285, 'Mwanganthia'),
(287, 58, 286, 'Abothuguchi Central'),
(288, 58, 287, 'Abothuguchi West'),
(289, 58, 288, 'Kiagu'),
(290, 59, 290, 'Mitunguu'),
(291, 59, 291, 'Igoji East'),
(292, 59, 292, 'Igoji West'),
(293, 59, 293, 'Abogeta East'),
(294, 59, 294, 'Abogeta West'),
(295, 59, 295, 'Nkuene'),
(296, 60, 296, 'Mitheru'),
(297, 60, 297, 'Muthambi'),
(298, 60, 298, 'Mwimbi'),
(299, 60, 299, 'Ganga'),
(300, 60, 300, 'Chogoria'),
(301, 61, 301, 'Mariani'),
(302, 61, 302, 'Karingani'),
(303, 61, 303, 'Magumoni'),
(304, 61, 304, 'Mugwe'),
(305, 61, 305, 'Igambang\'Ombe'),
(306, 62, 306, 'Gatunga'),
(307, 62, 307, 'Mukothima'),
(308, 62, 308, 'Nkondi'),
(309, 62, 309, 'Chiakariga'),
(310, 62, 310, 'Marimanti'),
(311, 63, 311, 'Ruguru/Ngandori'),
(312, 63, 312, 'Kithimu'),
(313, 63, 313, 'Nginda'),
(314, 63, 314, 'Mbeti North'),
(315, 63, 315, 'Kirimari'),
(316, 63, 316, 'Gaturi South'),
(317, 64, 317, 'Gaturi North'),
(318, 64, 318, 'Kagaari South'),
(319, 64, 319, 'Central  Ward'),
(320, 64, 320, 'Kagaari North'),
(321, 64, 321, 'Kyeni North'),
(322, 64, 322, 'Kyeni South'),
(323, 65, 323, 'Mwea'),
(324, 65, 324, 'Makima'),
(325, 65, 325, 'Mbeti South'),
(326, 65, 326, 'Mavuria'),
(327, 65, 327, 'Kiambere'),
(328, 66, 328, 'Nthawa'),
(329, 66, 329, 'Muminji'),
(330, 66, 330, 'Evurore'),
(331, 67, 331, 'Ngomeni'),
(332, 67, 332, 'Kyuso'),
(333, 67, 333, 'Mumoni'),
(334, 67, 334, 'Tseikuru'),
(335, 67, 335, 'Tharaka'),
(336, 68, 336, 'Kyome/Thaana'),
(337, 68, 337, 'Nguutani'),
(338, 68, 338, 'Migwani'),
(339, 68, 339, 'Kiomo/Kyethani'),
(340, 69, 340, 'Central'),
(341, 69, 341, 'Kivou'),
(342, 69, 342, 'Nguni'),
(343, 69, 343, 'Nuu'),
(344, 69, 344, 'Mui'),
(345, 69, 345, 'Waita'),
(346, 70, 346, 'Mutonguni'),
(347, 70, 347, 'Kauwi'),
(348, 70, 348, 'Matinyani'),
(349, 70, 349, 'Kwa Mutonga/Kithumula'),
(350, 71, 350, 'Kisasi'),
(351, 71, 351, 'Mbitini'),
(352, 71, 352, 'Kwavonza/Yatta'),
(353, 71, 353, 'Kanyangi'),
(354, 72, 354, 'Miambani'),
(355, 72, 355, 'Township'),
(356, 72, 356, 'Kyangwithya West'),
(357, 72, 357, 'Mulango'),
(358, 72, 358, 'Kyangwithya East'),
(359, 73, 359, 'Zombe/Mwitika'),
(360, 73, 360, 'Nzambani'),
(361, 73, 361, 'Chuluni'),
(362, 73, 362, 'Voo/Kyamatu'),
(363, 73, 363, 'Endau/Malalani'),
(364, 73, 364, 'Mutito/Kaliku'),
(365, 74, 365, 'Ikanga/Kyatune'),
(366, 74, 366, 'Mutomo'),
(367, 74, 367, 'Mutha'),
(368, 74, 368, 'Ikutha'),
(369, 74, 369, 'Kanziko'),
(370, 74, 370, 'Athi'),
(371, 75, 371, 'Kivaa'),
(372, 75, 372, 'Masinga Central'),
(373, 75, 373, 'Ekalakala'),
(374, 75, 374, 'Muthesya'),
(375, 75, 375, 'Ndithini'),
(376, 76, 376, 'Ndalani'),
(377, 76, 377, 'Matuu'),
(378, 76, 378, 'Kithimani'),
(379, 76, 379, 'Ikombe'),
(380, 76, 380, 'Katangi'),
(381, 77, 381, 'Kangundo North'),
(382, 77, 382, 'Kangundo Central'),
(383, 77, 383, 'Kangundo East'),
(384, 77, 384, 'Kangundo West'),
(385, 78, 385, 'Tala'),
(386, 78, 386, 'Matungulu North'),
(387, 78, 387, 'Matungulu East'),
(388, 78, 388, 'Matungulu West'),
(389, 78, 389, 'Kyeleni'),
(390, 79, 390, 'Mitaboni'),
(391, 79, 391, 'Kathiani Central'),
(392, 79, 392, 'Upper Kaewa/Iveti'),
(393, 79, 393, 'Lower Kaewa/Kaani'),
(394, 80, 394, 'Athi River'),
(395, 80, 395, 'Kinanie'),
(396, 80, 396, 'Muthwani'),
(397, 80, 397, 'Syokimau/Mulolongo'),
(398, 81, 398, 'Kalama'),
(399, 81, 399, 'Mua'),
(400, 81, 400, 'Mutituni'),
(401, 81, 401, 'Machakos Central'),
(402, 81, 402, 'Mumbuni North'),
(403, 81, 403, 'Muvuti/Kiima-Kimwe'),
(404, 81, 404, 'Kola'),
(405, 82, 405, 'Mbiuni'),
(406, 82, 406, 'Makutano/ Mwala'),
(407, 82, 407, 'Masii'),
(408, 82, 408, 'Muthetheni'),
(409, 82, 409, 'Wamunyu'),
(410, 82, 410, 'Kibauni'),
(411, 83, 411, 'Tulimani'),
(412, 83, 412, 'Mbooni'),
(413, 83, 413, 'Kithungo/Kitundu'),
(414, 83, 414, 'Kiteta/Kisau'),
(415, 83, 415, 'Waia-Kako'),
(416, 83, 416, 'Kalawa'),
(417, 84, 417, 'Kasikeu'),
(418, 84, 418, 'Mukaa'),
(419, 84, 419, 'Kiima Kiu/Kalanzoni'),
(420, 85, 420, 'Ukia'),
(421, 85, 421, 'Kee'),
(422, 85, 422, 'Kilungu'),
(423, 85, 423, 'Ilima'),
(424, 86, 424, 'Wote'),
(425, 86, 425, 'Muvau/Kikuumini'),
(426, 86, 426, 'Mavindini'),
(427, 86, 427, 'Kitise/Kithuki'),
(428, 86, 428, 'Kathonzweni'),
(429, 86, 429, 'Nzaui/Kilili/Kalamba'),
(430, 86, 430, 'Mbitini'),
(431, 87, 431, 'Makindu'),
(432, 87, 432, 'Nguumo'),
(433, 87, 433, 'Kikumbulyu North'),
(434, 87, 434, 'Kikumbulyu South'),
(435, 87, 435, 'Nguu/Masumba'),
(436, 87, 436, 'Emali/Mulala'),
(437, 88, 437, 'Masongaleni'),
(438, 88, 438, 'Mtito Andei'),
(439, 88, 439, 'Thange'),
(440, 88, 440, 'Ivingoni/Nzambani'),
(441, 89, 441, 'Engineer'),
(442, 89, 442, 'Gathara'),
(443, 89, 443, 'North Kinangop'),
(444, 89, 444, 'Murungaru'),
(445, 89, 445, 'NjabiniKiburu'),
(446, 89, 446, 'Nyakio'),
(447, 89, 447, 'Githabai'),
(448, 89, 448, 'Magumu'),
(449, 90, 449, 'Wanjohi'),
(450, 90, 450, 'Kipipiri'),
(451, 90, 451, 'Geta'),
(452, 90, 452, 'Githioro'),
(453, 91, 453, 'Karau'),
(454, 91, 454, 'Kanjuiri Range'),
(455, 91, 455, 'Mirangine'),
(456, 91, 456, 'Kaimbaga'),
(457, 91, 457, 'Rurii'),
(458, 92, 458, 'Gathanji'),
(459, 92, 459, 'Gatimu'),
(460, 92, 460, 'Weru'),
(461, 92, 461, 'Charagita'),
(462, 93, 462, 'Leshau/Pondo'),
(463, 93, 463, 'Kiriita'),
(464, 93, 464, 'Central'),
(465, 93, 465, 'Shamata'),
(466, 94, 466, 'Dedan Kimanthi'),
(467, 94, 467, 'Wamagana'),
(468, 94, 468, 'Aguthi-Gaaki'),
(469, 95, 469, 'Mweiga'),
(470, 95, 470, 'Naromoru Kiamathaga'),
(471, 95, 471, 'Mwiyogo/Endarasha'),
(472, 95, 472, 'Mugunda'),
(473, 95, 473, 'Gatarakwa'),
(474, 95, 474, 'Thegu River'),
(475, 95, 475, 'Kabaru'),
(476, 95, 476, 'Gakawa'),
(477, 96, 477, 'Ruguru'),
(478, 96, 478, 'Magutu'),
(479, 96, 479, 'Iriaini'),
(480, 96, 480, 'Konyu'),
(481, 96, 481, 'Kirimukuyu'),
(482, 96, 482, 'Karatina Town'),
(483, 97, 483, 'Mahiga'),
(484, 97, 484, 'Iria-Ini'),
(485, 97, 485, 'Chinga'),
(486, 97, 486, 'Karima'),
(487, 98, 487, 'Gikondi'),
(488, 98, 488, 'Rugi'),
(489, 98, 489, 'Mukurwe-Ini West'),
(490, 98, 490, 'Mukurwe-Ini Central'),
(491, 99, 491, 'Kiganjo/Mathari'),
(492, 99, 492, 'Rware'),
(493, 99, 493, 'Gatitu/Muruguru'),
(494, 99, 494, 'Ruring\'u'),
(495, 99, 495, 'Kamakwa/Mukaro'),
(496, 100, 496, 'Mutithi'),
(497, 100, 497, 'Kangai'),
(498, 100, 498, 'Thiba'),
(499, 100, 499, 'Wamumu'),
(500, 100, 500, 'Nyangati'),
(501, 100, 501, 'Murinduko'),
(502, 100, 502, 'Gathigiriri'),
(503, 100, 503, 'Tebere'),
(504, 101, 504, 'Kabare'),
(505, 101, 505, 'Baragwi'),
(506, 101, 506, 'Njukiini'),
(507, 101, 507, 'Ngariama'),
(508, 101, 508, 'Karumandi'),
(509, 102, 509, 'Mukure'),
(510, 102, 510, 'Kiine'),
(511, 102, 511, 'Kariti'),
(512, 103, 512, 'Mutira'),
(513, 103, 513, 'Kanyekini'),
(514, 103, 514, 'Kerugoya'),
(515, 103, 515, 'Inoi'),
(516, 104, 516, 'Kanyenya-Ini'),
(517, 104, 517, 'Muguru'),
(518, 104, 518, 'Rwathia'),
(519, 105, 519, 'Gitugi'),
(520, 105, 520, 'Kiru'),
(521, 105, 521, 'Kamacharia'),
(522, 106, 522, 'Wangu'),
(523, 106, 523, 'Mugoiri'),
(524, 106, 524, 'Mbiri'),
(525, 106, 525, 'Township'),
(526, 106, 526, 'Murarandia'),
(527, 106, 527, 'Gaturi'),
(528, 107, 528, 'Kahumbu'),
(529, 107, 529, 'Muthithi'),
(530, 107, 530, 'Kigumo'),
(531, 107, 531, 'Kangari'),
(532, 107, 532, 'Kinyona'),
(533, 108, 533, 'Kimorori/Wempa'),
(534, 108, 534, 'Makuyu'),
(535, 108, 535, 'Kambiti'),
(536, 108, 536, 'Kamahuha'),
(537, 108, 537, 'Ichagaki'),
(538, 108, 538, 'Nginda'),
(539, 109, 539, 'Ng\'araria'),
(540, 109, 540, 'Muruka'),
(541, 109, 541, 'Kagundu-Ini'),
(542, 109, 542, 'Gaichanjiru'),
(543, 109, 543, 'Ithiru'),
(544, 109, 544, 'Ruchu'),
(545, 110, 545, 'Ithanga'),
(546, 110, 546, 'Kakuzi/Mitubiri'),
(547, 110, 547, 'Mugumo-Ini'),
(548, 110, 548, 'Kihumbu-Ini'),
(549, 110, 549, 'Gatanga'),
(550, 110, 550, 'Kariara'),
(551, 111, 551, 'Kiamwangi'),
(552, 111, 552, 'Kiganjo'),
(553, 111, 553, 'Ndarugu'),
(554, 111, 554, 'Ngenda'),
(555, 112, 555, 'Gituamba'),
(556, 112, 556, 'Githobokoni'),
(557, 112, 557, 'Chania'),
(558, 112, 558, 'Mang\'u'),
(559, 113, 559, 'Murera'),
(560, 113, 560, 'Theta'),
(561, 113, 561, 'Juja'),
(562, 113, 562, 'Witeithie'),
(563, 113, 563, 'Kalimoni'),
(564, 114, 564, 'Township'),
(565, 114, 565, 'Kamenu'),
(566, 114, 566, 'Hospital'),
(567, 114, 567, 'Gatuanyaga'),
(568, 114, 568, 'Ngoliba'),
(569, 115, 569, 'Gitothua'),
(570, 115, 570, 'Biashara'),
(571, 115, 571, 'Gatongora'),
(572, 115, 572, 'Kahawa Sukari'),
(573, 115, 573, 'Kahawa Wendani'),
(574, 115, 574, 'Kiuu'),
(575, 115, 575, 'Mwiki'),
(576, 115, 576, 'Mwihoko'),
(577, 116, 577, 'Githunguri'),
(578, 116, 578, 'Githiga'),
(579, 116, 579, 'Ikinu'),
(580, 116, 580, 'Ngewa'),
(581, 116, 581, 'Komothai'),
(582, 117, 582, 'Ting\'ang\'a'),
(583, 117, 583, 'Ndumberi'),
(584, 117, 584, 'Riabai'),
(585, 117, 585, 'Township'),
(586, 118, 586, 'Cianda'),
(587, 118, 587, 'Karuri'),
(588, 118, 588, 'Ndenderu'),
(589, 118, 589, 'Muchatha'),
(590, 118, 590, 'Kihara'),
(591, 119, 591, 'Gitaru'),
(592, 119, 592, 'Muguga'),
(593, 119, 593, 'Nyadhuna'),
(594, 119, 594, 'Kabete'),
(595, 119, 595, 'Uthiru'),
(596, 120, 596, 'Karai'),
(597, 120, 597, 'Nachu'),
(598, 120, 598, 'Sigona'),
(599, 120, 599, 'Kikuyu'),
(600, 120, 600, 'Kinoo'),
(601, 121, 601, 'Bibirioni'),
(602, 121, 602, 'Limuru Central'),
(603, 121, 603, 'Ndeiya'),
(604, 121, 604, 'Limuru East'),
(605, 121, 605, 'Ngecha Tigoni'),
(606, 122, 606, 'Kinale'),
(607, 122, 607, 'Kijabe'),
(608, 122, 608, 'Nyanduma'),
(609, 122, 609, 'Kamburu'),
(610, 122, 610, 'Lari/Kirenga'),
(611, 123, 611, 'Kaeris'),
(612, 123, 612, 'Lake Zone'),
(613, 123, 613, 'Lapur'),
(614, 123, 614, 'Kaaleng/Kaikor'),
(615, 123, 615, 'Kibish'),
(616, 123, 616, 'Nakalale'),
(617, 124, 617, 'Kakuma'),
(618, 124, 618, 'Lopur'),
(619, 124, 619, 'Letea'),
(620, 124, 620, 'Songot'),
(621, 124, 621, 'Kalobeyei'),
(622, 124, 622, 'Lokichoggio'),
(623, 124, 623, 'Nanaam'),
(624, 125, 624, 'Kerio Delta'),
(625, 125, 625, 'Kang\'atotha'),
(626, 125, 626, 'Kalokol'),
(627, 125, 627, 'Lodwar Township'),
(628, 125, 628, 'Kanamkemer'),
(629, 126, 629, 'Kotaruk/Lobei'),
(630, 126, 630, 'Turkwel'),
(631, 126, 631, 'Loima'),
(632, 126, 632, 'Lokiriama/Lorengippi'),
(633, 127, 633, 'Kaputir'),
(634, 127, 634, 'Katilu'),
(635, 127, 635, 'Lobokat'),
(636, 127, 636, 'Kalapata'),
(637, 127, 637, 'Lokichar'),
(638, 128, 638, 'Kapedo/Napeitom'),
(639, 128, 639, 'Katilia'),
(640, 128, 640, 'Lokori/Kochodin'),
(641, 129, 641, 'Riwo'),
(642, 129, 642, 'Kapenguria'),
(643, 129, 643, 'Mnagei'),
(644, 129, 644, 'Siyoi'),
(645, 129, 645, 'Endugh'),
(646, 129, 646, 'Sook'),
(647, 130, 647, 'Sekerr'),
(648, 130, 648, 'Masool'),
(649, 130, 649, 'Lomut'),
(650, 130, 650, 'Weiwei'),
(651, 131, 651, 'Suam'),
(652, 131, 652, 'Kodich'),
(653, 131, 653, 'Kasei'),
(654, 131, 654, 'Kapchok'),
(655, 131, 655, 'Kiwawa'),
(656, 131, 656, 'Alale'),
(657, 132, 657, 'Chepareria'),
(658, 132, 658, 'Batei'),
(659, 132, 659, 'Lelan'),
(660, 132, 660, 'Tapach'),
(661, 133, 661, 'Lodokejek'),
(662, 133, 662, 'Suguta Marmar'),
(663, 133, 663, 'Maralal'),
(664, 133, 664, 'Loosuk'),
(665, 133, 665, 'Poro'),
(666, 134, 666, 'El-Barta'),
(667, 134, 667, 'Nachola'),
(668, 134, 668, 'Ndoto'),
(669, 134, 669, 'Nyiro'),
(670, 134, 670, 'Angata Nanyokie'),
(671, 134, 671, 'Baawa'),
(672, 135, 672, 'Waso'),
(673, 135, 673, 'Wamba West'),
(674, 135, 674, 'Wamba East'),
(675, 135, 675, 'Wamba North'),
(676, 136, 676, 'Kapomboi'),
(677, 136, 677, 'Kwanza'),
(678, 136, 678, 'Keiyo'),
(679, 136, 679, 'Bidii'),
(680, 137, 680, 'Chepchoina'),
(681, 137, 681, 'Endebess'),
(682, 137, 682, 'Matumbei'),
(683, 138, 683, 'Kinyoro'),
(684, 138, 684, 'Matisi'),
(685, 138, 685, 'Tuwani'),
(686, 138, 686, 'Saboti'),
(687, 138, 687, 'Machewa'),
(688, 139, 688, 'Kiminini'),
(689, 139, 689, 'Waitaluk'),
(690, 139, 690, 'Sirende'),
(691, 139, 691, 'Hospital'),
(692, 139, 692, 'Sikhendu'),
(693, 139, 693, 'Nabiswa'),
(694, 140, 694, 'Sinyerere'),
(695, 140, 695, 'Makutano'),
(696, 140, 696, 'Kaplamai'),
(697, 140, 697, 'Motosiet'),
(698, 140, 698, 'Cherangany/Suwerwa'),
(699, 140, 699, 'Chepsiro/Kiptoror'),
(700, 140, 700, 'Sitatunga'),
(701, 141, 701, 'Moi\'s Bridge'),
(702, 141, 702, 'Kapkures'),
(703, 141, 703, 'Ziwa'),
(704, 141, 704, 'Segero/Barsombe'),
(705, 141, 705, 'Kipsomba'),
(706, 141, 706, 'Soy'),
(707, 141, 707, 'Kuinet/Kapsuswa'),
(708, 142, 708, 'Ngenyilel'),
(709, 142, 709, 'Tapsagoi'),
(710, 142, 710, 'Kamagut'),
(711, 142, 711, 'Kiplombe'),
(712, 142, 712, 'Kapsaos'),
(713, 142, 713, 'Huruma'),
(714, 143, 714, 'Tembelio'),
(715, 143, 715, 'Sergoit'),
(716, 143, 716, 'Karuna/Meibeki'),
(717, 143, 717, 'Moiben'),
(718, 143, 718, 'Kimumu'),
(719, 144, 719, 'Kapsoya'),
(720, 144, 720, 'Kaptagat'),
(721, 144, 721, 'Ainabkoi/Olare'),
(722, 145, 722, 'Simat/Kapseret'),
(723, 145, 723, 'Kipkenyo'),
(724, 145, 724, 'Ngeria'),
(725, 145, 725, 'Megun'),
(726, 145, 726, 'Langas'),
(727, 146, 727, 'Racecourse'),
(728, 146, 728, 'Cheptiret/Kipchamo'),
(729, 146, 729, 'Tulwet/Chuiyat'),
(730, 146, 730, 'Tarakwa'),
(731, 147, 731, 'Kapyego'),
(732, 147, 732, 'Sambirir'),
(733, 147, 733, 'Endo'),
(734, 147, 734, 'Embobut / Embulot'),
(735, 148, 735, 'Lelan'),
(736, 148, 736, 'Sengwer'),
(737, 148, 737, 'Cherang\'any/Chebororwa'),
(738, 148, 738, 'Moiben/Kuserwo'),
(739, 148, 739, 'Kapsowar'),
(740, 148, 740, 'Arror'),
(741, 149, 741, 'Emsoo'),
(742, 149, 742, 'Kamariny'),
(743, 149, 743, 'Kapchemutwa'),
(744, 149, 744, 'Tambach'),
(745, 150, 745, 'Kaptarakwa'),
(746, 150, 746, 'Chepkorio'),
(747, 150, 747, 'Soy North'),
(748, 150, 748, 'Soy South'),
(749, 150, 749, 'Kabiemit'),
(750, 150, 750, 'Metkei'),
(751, 151, 751, 'Songhor/Soba'),
(752, 151, 752, 'Tindiret'),
(753, 151, 753, 'Chemelil/Chemase'),
(754, 151, 754, 'Kapsimotwo'),
(755, 152, 755, 'Kabwareng'),
(756, 152, 756, 'Terik'),
(757, 152, 757, 'Kemeloi-Maraba'),
(758, 152, 758, 'Kobujoi'),
(759, 152, 759, 'Kaptumo-Kaboi'),
(760, 152, 760, 'Koyo-Ndurio'),
(761, 153, 761, 'Nandi Hills'),
(762, 153, 762, 'Chepkunyuk'),
(763, 153, 763, 'Ol\'Lessos'),
(764, 153, 764, 'Kapchorua'),
(765, 154, 765, 'Chemundu/Kapng\'etuny'),
(766, 154, 766, 'Kosirai'),
(767, 154, 767, 'Lelmokwo/Ngechek'),
(768, 154, 768, 'Kaptel/Kamoiywo'),
(769, 154, 769, 'Kiptuya'),
(770, 155, 770, 'Chepkumia'),
(771, 155, 771, 'Kapkangani'),
(772, 155, 772, 'Kapsabet'),
(773, 155, 773, 'Kilibwoni'),
(774, 156, 774, 'Chepterwai'),
(775, 156, 775, 'Kipkaren'),
(776, 156, 776, 'Kurgung/Surungai'),
(777, 156, 777, 'Kabiyet'),
(778, 156, 778, 'Ndalat'),
(779, 156, 779, 'Kabisaga'),
(780, 156, 780, 'Sangalo/Kebulonik'),
(781, 157, 781, 'Tirioko'),
(782, 157, 782, 'Kolowa'),
(783, 157, 783, 'Ribkwo'),
(784, 157, 784, 'Silale'),
(785, 157, 785, 'Loiyamorock'),
(786, 157, 786, 'Tangulbei/Korossi'),
(787, 157, 787, 'Churo/Amaya'),
(788, 158, 788, 'Barwessa'),
(789, 158, 789, 'Kabartonjo'),
(790, 158, 790, 'Saimo/Kipsaraman'),
(791, 158, 791, 'Saimo/Soi'),
(792, 158, 792, 'Bartabwa'),
(793, 159, 793, 'Kabarnet'),
(794, 159, 794, 'Sacho'),
(795, 159, 795, 'Tenges'),
(796, 159, 796, 'Ewalel/Chapchap'),
(797, 159, 797, 'Kapropita'),
(798, 160, 798, 'Marigat'),
(799, 160, 799, 'Ilchamus'),
(800, 160, 800, 'Mochongoi'),
(801, 160, 801, 'Mukutani'),
(802, 161, 802, 'Mogotio'),
(803, 161, 803, 'Emining'),
(804, 161, 804, 'Kisanana'),
(805, 162, 805, 'Lembus'),
(806, 162, 806, 'Lembus Kwen'),
(807, 162, 807, 'Ravine'),
(808, 162, 808, 'Mumberes/Maji Mazuri'),
(809, 162, 809, 'Lembus/Perkerra'),
(810, 162, 810, 'Koibatek'),
(811, 163, 811, 'Ol-Moran'),
(812, 163, 812, 'Rumuruti Township'),
(813, 163, 813, 'Githiga'),
(814, 163, 814, 'Marmanet'),
(815, 163, 815, 'Igwamiti'),
(816, 163, 816, 'Salama'),
(817, 164, 817, 'Ngobit'),
(818, 164, 818, 'Tigithi'),
(819, 164, 819, 'Thingithu'),
(820, 164, 820, 'Nanyuki'),
(821, 164, 821, 'Umande'),
(822, 165, 822, 'Sosian'),
(823, 165, 823, 'Segera'),
(824, 165, 824, 'Mugogodo West'),
(825, 165, 825, 'Mugogodo East'),
(826, 166, 826, 'Mariashoni'),
(827, 166, 827, 'Elburgon'),
(828, 166, 828, 'Turi'),
(829, 166, 829, 'Molo'),
(830, 167, 830, 'Mau Narok'),
(831, 167, 831, 'Mauche'),
(832, 167, 832, 'Kihingo'),
(833, 167, 833, 'Nessuit'),
(834, 167, 834, 'Lare'),
(835, 167, 835, 'Njoro'),
(836, 168, 836, 'Biashara'),
(837, 168, 837, 'Hells Gate'),
(838, 168, 838, 'Lake View'),
(839, 168, 839, 'Mai Mahiu'),
(840, 168, 840, 'Maiella'),
(841, 168, 841, 'Olkaria'),
(842, 168, 842, 'Naivasha East'),
(843, 168, 843, 'Viwandani'),
(844, 169, 844, 'Gilgil'),
(845, 169, 845, 'Elementaita'),
(846, 169, 846, 'Mbaruk/Eburu'),
(847, 169, 847, 'Malewa West'),
(848, 169, 848, 'Murindati'),
(849, 170, 849, 'Amalo'),
(850, 170, 850, 'Keringet'),
(851, 170, 851, 'Kiptagich'),
(852, 170, 852, 'Tinet'),
(853, 171, 853, 'Kiptororo'),
(854, 171, 854, 'Nyota'),
(855, 171, 855, 'Sirikwa'),
(856, 171, 856, 'Kamara'),
(857, 172, 857, 'Subukia'),
(858, 172, 858, 'Waseges'),
(859, 172, 859, 'Kabazi'),
(860, 173, 860, 'Menengai West'),
(861, 173, 861, 'Soin'),
(862, 173, 862, 'Visoi'),
(863, 173, 863, 'Mosop'),
(864, 173, 864, 'Solai'),
(865, 174, 865, 'Dundori'),
(866, 174, 866, 'Kabatini'),
(867, 174, 867, 'Kiamaina'),
(868, 174, 868, 'Lanet/Umoja'),
(869, 174, 869, 'Bahati'),
(870, 175, 870, 'Barut'),
(871, 175, 871, 'London'),
(872, 175, 872, 'Kaptembwo'),
(873, 175, 873, 'Kapkures'),
(874, 175, 874, 'Rhoda'),
(875, 175, 875, 'Shaabab'),
(876, 176, 876, 'Biashara'),
(877, 176, 877, 'Kivumbini'),
(878, 176, 878, 'Flamingo'),
(879, 176, 879, 'Menengai'),
(880, 176, 880, 'Nakuru East'),
(881, 177, 881, 'Kilgoris Central'),
(882, 177, 882, 'Keyian'),
(883, 177, 883, 'Angata Barikoi'),
(884, 177, 884, 'Shankoe'),
(885, 177, 885, 'Kimintet'),
(886, 177, 886, 'Lolgorian'),
(887, 178, 887, 'Ilkerin'),
(888, 178, 888, 'Ololmasani'),
(889, 178, 889, 'Mogondo'),
(890, 178, 890, 'Kapsasian'),
(891, 179, 891, 'Olpusimoru'),
(892, 179, 892, 'Olokurto'),
(893, 179, 893, 'Narok Town'),
(894, 179, 894, 'Nkareta'),
(895, 179, 895, 'Olorropil'),
(896, 179, 896, 'Melili'),
(897, 180, 897, 'Mosiro'),
(898, 180, 898, 'Ildamat'),
(899, 180, 899, 'Keekonyokie'),
(900, 180, 900, 'Suswa'),
(901, 181, 901, 'Majimoto/Naroosura'),
(902, 181, 902, 'Ololulung\'a'),
(903, 181, 903, 'Melelo'),
(904, 181, 904, 'Loita'),
(905, 181, 905, 'Sogoo'),
(906, 181, 906, 'Sagamian'),
(907, 182, 907, 'Ilmotiok'),
(908, 182, 908, 'Mara'),
(909, 182, 909, 'Siana'),
(910, 182, 910, 'Naikarra'),
(911, 183, 911, 'Olkeri'),
(912, 183, 912, 'Ongata Rongai'),
(913, 183, 913, 'Nkaimurunya'),
(914, 183, 914, 'Oloolua'),
(915, 183, 915, 'Ngong'),
(916, 184, 916, 'Purko'),
(917, 184, 917, 'Ildamat'),
(918, 184, 918, 'Dalalekutuk'),
(919, 184, 919, 'Matapato North'),
(920, 184, 920, 'Matapato South'),
(921, 185, 921, 'Kaputiei North'),
(922, 185, 922, 'Kitengela'),
(923, 185, 923, 'Oloosirkon/Sholinke'),
(924, 185, 924, 'Kenyawa-Poka'),
(925, 185, 925, 'Imaroro'),
(926, 186, 926, 'Keekonyokie'),
(927, 186, 927, 'Iloodokilani'),
(928, 186, 928, 'Magadi'),
(929, 186, 929, 'Ewuaso Oonkidong\'I'),
(930, 186, 930, 'Mosiro'),
(931, 187, 931, 'Entonet/Lenkisim'),
(932, 187, 932, 'Mbirikani/Eselenkei'),
(933, 187, 933, 'Kuku'),
(934, 187, 934, 'Rombo'),
(935, 187, 935, 'Kimana'),
(936, 188, 936, 'Londiani'),
(937, 188, 937, 'Kedowa/Kimugul'),
(938, 188, 938, 'Chepseon'),
(939, 188, 939, 'Tendeno/Sorget'),
(940, 189, 940, 'Kunyak'),
(941, 189, 941, 'Kamasian'),
(942, 189, 942, 'Kipkelion'),
(943, 189, 943, 'Chilchila'),
(944, 190, 944, 'Kapsoit'),
(945, 190, 945, 'Ainamoi'),
(946, 190, 946, 'Kapkugerwet'),
(947, 190, 947, 'Kipchebor'),
(948, 190, 948, 'Kipchimchim'),
(949, 190, 949, 'Kapsaos'),
(950, 191, 950, 'Kisiara'),
(951, 191, 951, 'Tebesonik'),
(952, 191, 952, 'Cheboin'),
(953, 191, 953, 'Chemosot'),
(954, 191, 954, 'Litein'),
(955, 191, 955, 'Cheplanget'),
(956, 191, 956, 'Kapkatet'),
(957, 192, 957, 'Waldai'),
(958, 192, 958, 'Kabianga'),
(959, 192, 959, 'Cheptororiet/Seretut'),
(960, 192, 960, 'Chaik'),
(961, 192, 961, 'Kapsuser'),
(962, 193, 962, 'Sigowet'),
(963, 193, 963, 'Kaplelartet'),
(964, 193, 964, 'Soliat'),
(965, 193, 965, 'Soin'),
(966, 194, 966, 'Ndanai/Abosi'),
(967, 194, 967, 'Chemagel'),
(968, 194, 968, 'Kipsonoi'),
(969, 194, 969, 'Kapletundo'),
(970, 194, 970, 'Rongena/Manaret'),
(971, 195, 971, 'Kong\'asis'),
(972, 195, 972, 'Nyangores'),
(973, 195, 973, 'Sigor'),
(974, 195, 974, 'Chebunyo'),
(975, 195, 975, 'Siongiroi'),
(976, 196, 976, 'Merigi'),
(977, 196, 977, 'Kembu'),
(978, 196, 978, 'Longisa'),
(979, 196, 979, 'Kipreres'),
(980, 196, 980, 'Chemaner'),
(981, 197, 981, 'Silibwet Township'),
(982, 197, 982, 'Ndaraweta'),
(983, 197, 983, 'Singorwet'),
(984, 197, 984, 'Chesoen'),
(985, 197, 985, 'Mutarakwa'),
(986, 198, 986, 'Chepchabas'),
(987, 198, 987, 'Kimulot'),
(988, 198, 988, 'Mogogosiek'),
(989, 198, 989, 'Boito'),
(990, 198, 990, 'Embomos'),
(991, 199, 991, 'Mautuma'),
(992, 199, 992, 'Lugari'),
(993, 199, 993, 'Lumakanda'),
(994, 199, 994, 'Chekalini'),
(995, 199, 995, 'Chevaywa'),
(996, 199, 996, 'Lwandeti'),
(997, 200, 997, 'Likuyani'),
(998, 200, 998, 'Sango'),
(999, 200, 999, 'Kongoni'),
(1000, 200, 1000, 'Nzoia'),
(1001, 200, 1001, 'Sinoko'),
(1002, 201, 1002, 'West Kabras'),
(1003, 201, 1003, 'Chemuche'),
(1004, 201, 1004, 'East Kabras'),
(1005, 201, 1005, 'Butali/Chegulo'),
(1006, 201, 1006, 'Manda-Shivanga'),
(1007, 201, 1007, 'Shirugu-Mugai'),
(1008, 201, 1008, 'South Kabras'),
(1009, 202, 1009, 'Butsotso East'),
(1010, 202, 1010, 'Butsotso South'),
(1011, 202, 1011, 'Butsotso Central'),
(1012, 202, 1012, 'Sheywe'),
(1013, 202, 1013, 'Mahiakalo'),
(1014, 202, 1014, 'Shirere'),
(1015, 203, 1015, 'Ingostse-Mathia'),
(1016, 203, 1016, 'Shinoyi-Shikomari-Esumeyia'),
(1017, 203, 1017, 'Bunyala West'),
(1018, 203, 1018, 'Bunyala East'),
(1019, 203, 1019, 'Bunyala Central'),
(1020, 204, 1020, 'Mumias Central'),
(1021, 204, 1021, 'Mumias North'),
(1022, 204, 1022, 'Etenje'),
(1023, 204, 1023, 'Musanda'),
(1024, 205, 1024, 'Lusheya/Lubinu'),
(1025, 205, 1025, 'Malaha/Isongo/Makunga'),
(1026, 205, 1026, 'East Wanga'),
(1027, 206, 1027, 'Koyonzo'),
(1028, 206, 1028, 'Kholera'),
(1029, 206, 1029, 'Khalaba'),
(1030, 206, 1030, 'Mayoni'),
(1031, 206, 1031, 'Namamali'),
(1032, 207, 1032, 'Marama West'),
(1033, 207, 1033, 'Marama Central'),
(1034, 207, 1034, 'Marenyo - Shianda'),
(1035, 207, 1035, 'Marama North'),
(1036, 207, 1036, 'Marama South'),
(1037, 208, 1037, 'Kisa North'),
(1038, 208, 1038, 'Kisa East'),
(1039, 208, 1039, 'Kisa West'),
(1040, 208, 1040, 'Kisa Central'),
(1041, 209, 1041, 'Isukha North'),
(1042, 209, 1042, 'Murhanda'),
(1043, 209, 1043, 'Isukha Central'),
(1044, 209, 1044, 'Isukha South'),
(1045, 209, 1045, 'Isukha East'),
(1046, 209, 1046, 'Isukha West'),
(1047, 210, 1047, 'Idakho South'),
(1048, 210, 1048, 'Idakho East'),
(1049, 210, 1049, 'Idakho North'),
(1050, 210, 1050, 'Idakho Central'),
(1051, 211, 1051, 'Lugaga-Wamuluma'),
(1052, 211, 1052, 'South Maragoli'),
(1053, 211, 1053, 'Central Maragoli'),
(1054, 211, 1054, 'Mungoma'),
(1055, 212, 1055, 'Lyaduywa/Izava'),
(1056, 212, 1056, 'West Sabatia'),
(1057, 212, 1057, 'Chavakali'),
(1058, 212, 1058, 'North Maragoli'),
(1059, 212, 1059, 'Wodanga'),
(1060, 212, 1060, 'Busali'),
(1061, 213, 1061, 'Shiru'),
(1062, 213, 1062, 'Gisambai'),
(1063, 213, 1063, 'Shamakhokho'),
(1064, 213, 1064, 'Banja'),
(1065, 213, 1065, 'Muhudu'),
(1066, 213, 1066, 'Tambua'),
(1067, 213, 1067, 'Jepkoyai'),
(1068, 214, 1068, 'Luanda Township'),
(1069, 214, 1069, 'Wemilabi'),
(1070, 214, 1070, 'Mwibona'),
(1071, 214, 1071, 'Luanda South'),
(1072, 214, 1072, 'Emabungo'),
(1073, 215, 1073, 'North East Bunyore'),
(1074, 215, 1074, 'Central Bunyore'),
(1075, 215, 1075, 'West Bunyore'),
(1076, 216, 1076, 'Cheptais'),
(1077, 216, 1077, 'Chesikaki'),
(1078, 216, 1078, 'Chepyuk'),
(1079, 216, 1079, 'Kapkateny'),
(1080, 216, 1080, 'Kaptama'),
(1081, 216, 1081, 'Elgon'),
(1082, 217, 1082, 'Namwela'),
(1083, 217, 1083, 'Malakisi/South Kulisiru'),
(1084, 217, 1084, 'Lwandanyi'),
(1085, 218, 1085, 'Kabuchai/Chwele'),
(1086, 218, 1086, 'West Nalondo'),
(1087, 218, 1087, 'Bwake/Luuya'),
(1088, 218, 1088, 'Mukuyuni'),
(1089, 219, 1089, 'South Bukusu'),
(1090, 219, 1090, 'Bumula'),
(1091, 219, 1091, 'Khasoko'),
(1092, 219, 1092, 'Kabula'),
(1093, 219, 1093, 'Kimaeti'),
(1094, 219, 1094, 'West Bukusu'),
(1095, 219, 1095, 'Siboti'),
(1096, 220, 1096, 'Bukembe West'),
(1097, 220, 1097, 'Bukembe East'),
(1098, 220, 1098, 'Township'),
(1099, 220, 1099, 'Khalaba'),
(1100, 220, 1100, 'Musikoma'),
(1101, 220, 1101, 'East Sang\'Alo'),
(1102, 220, 1102, 'Marakaru/Tuuti'),
(1103, 220, 1103, 'West Sang\'alo'),
(1104, 221, 1104, 'Mihuu'),
(1105, 221, 1105, 'Ndivisi'),
(1106, 221, 1106, 'Maraka'),
(1107, 222, 1107, 'Misikhu'),
(1108, 222, 1108, 'Sitikho'),
(1109, 222, 1109, 'Matulo'),
(1110, 222, 1110, 'Bokoli'),
(1111, 223, 1111, 'Kibingei'),
(1112, 223, 1112, 'Kimilili'),
(1113, 223, 1113, 'Maeni'),
(1114, 223, 1114, 'Kamukuywa'),
(1115, 224, 1115, 'Mbakalo'),
(1116, 224, 1116, 'Naitiri/Kabuyefwe'),
(1117, 224, 1117, 'Milima'),
(1118, 224, 1118, 'Ndalu/ Tabani'),
(1119, 224, 1119, 'Tongaren'),
(1120, 224, 1120, 'Soysambu/ Mitua'),
(1121, 225, 1121, 'Malaba Central'),
(1122, 225, 1122, 'Malaba North'),
(1123, 225, 1123, 'Ang\'Urai South'),
(1124, 225, 1124, 'Ang\'Urai North'),
(1125, 225, 1125, 'Ang\'Urai East'),
(1126, 225, 1126, 'Malaba South'),
(1127, 226, 1127, 'Ang\'orom'),
(1128, 226, 1128, 'Chakol South'),
(1129, 226, 1129, 'Chakol North'),
(1130, 226, 1130, 'Amukura West'),
(1131, 226, 1131, 'Amukura East'),
(1132, 226, 1132, 'Amukura Central'),
(1133, 227, 1133, 'Nambale Township'),
(1134, 227, 1134, 'Bukhayo North/Waltsi'),
(1135, 227, 1135, 'Bukhayo East'),
(1136, 227, 1136, 'Bukhayo Central'),
(1137, 228, 1137, 'Bukhayo West'),
(1138, 228, 1138, 'Mayenje'),
(1139, 228, 1139, 'Matayos South'),
(1140, 228, 1140, 'Busibwabo'),
(1141, 228, 1141, 'Burumba'),
(1142, 229, 1142, 'Marachi West'),
(1143, 229, 1143, 'Kingandole'),
(1144, 229, 1144, 'Marachi Central'),
(1145, 229, 1145, 'Marachi East'),
(1146, 229, 1146, 'Marachi North'),
(1147, 229, 1147, 'Elugulu'),
(1148, 230, 1148, 'Namboboto Nambuku'),
(1149, 230, 1149, 'Nangina'),
(1150, 230, 1150, 'Ageng\'a Nanguba'),
(1151, 230, 1151, 'Bwiri'),
(1152, 231, 1152, 'Bunyala Central'),
(1153, 231, 1153, 'Bunyala North'),
(1154, 231, 1154, 'Bunyala West'),
(1155, 231, 1155, 'Bunyala South'),
(1156, 232, 1156, 'West Ugenya'),
(1157, 232, 1157, 'Ukwala'),
(1158, 232, 1158, 'North Ugenya'),
(1159, 232, 1159, 'East Ugenya'),
(1160, 233, 1160, 'Sidindi'),
(1161, 233, 1161, 'Sigomere'),
(1162, 233, 1162, 'Ugunja'),
(1163, 234, 1163, 'Usonga'),
(1164, 234, 1164, 'West Alego'),
(1165, 234, 1165, 'Central Alego'),
(1166, 234, 1166, 'Siaya Township'),
(1167, 234, 1167, 'North Alego'),
(1168, 234, 1168, 'South East Alego'),
(1169, 235, 1169, 'North Gem'),
(1170, 235, 1170, 'West Gem'),
(1171, 235, 1171, 'Central Gem'),
(1172, 235, 1172, 'Yala Township'),
(1173, 235, 1173, 'East Gem'),
(1174, 235, 1174, 'South Gem'),
(1175, 236, 1175, 'West Yimbo'),
(1176, 236, 1176, 'Central Sakwa'),
(1177, 236, 1177, 'South Sakwa'),
(1178, 236, 1178, 'Yimbo East'),
(1179, 236, 1179, 'West Sakwa'),
(1180, 236, 1180, 'North Sakwa'),
(1181, 237, 1181, 'East Asembo'),
(1182, 237, 1182, 'West Asembo'),
(1183, 237, 1183, 'North Uyoma'),
(1184, 237, 1184, 'South Uyoma'),
(1185, 237, 1185, 'West Uyoma'),
(1186, 238, 1186, 'Kajulu'),
(1187, 238, 1187, 'Kolwa East'),
(1188, 238, 1188, 'Manyatta B'),
(1189, 238, 1189, 'Nyalenda A'),
(1190, 238, 1190, 'Kolwa Central'),
(1191, 239, 1191, 'South West Kisumu'),
(1192, 239, 1192, 'Central Kisumu'),
(1193, 239, 1193, 'Kisumu North'),
(1194, 239, 1194, 'West Kisumu'),
(1195, 239, 1195, 'North West Kisumu'),
(1196, 240, 1196, 'Railways'),
(1197, 240, 1197, 'Migosi'),
(1198, 240, 1198, 'Shaurimoyo Kaloleni'),
(1199, 240, 1199, 'Market Milimani'),
(1200, 240, 1200, 'Kondele'),
(1201, 240, 1201, 'Nyalenda B'),
(1202, 241, 1202, 'West Seme'),
(1203, 241, 1203, 'Central Seme'),
(1204, 241, 1204, 'East Seme'),
(1205, 241, 1205, 'North Seme'),
(1206, 242, 1206, 'East Kano/Wawidhi'),
(1207, 242, 1207, 'Awasi/Onjiko'),
(1208, 242, 1208, 'Ahero'),
(1209, 242, 1209, 'Kabonyo/Kanyagwal'),
(1210, 242, 1210, 'Kobura'),
(1211, 243, 1211, 'Miwani'),
(1212, 243, 1212, 'Ombeyi'),
(1213, 243, 1213, 'Masogo/Nyangoma'),
(1214, 243, 1214, 'Chemelil'),
(1215, 243, 1215, 'Muhoroni/Koru'),
(1216, 244, 1216, 'South West Nyakach'),
(1217, 244, 1217, 'North Nyakach'),
(1218, 244, 1218, 'Central Nyakach'),
(1219, 244, 1219, 'West Nyakach'),
(1220, 244, 1220, 'South East Nyakach'),
(1221, 245, 1221, 'West Kasipul'),
(1222, 245, 1222, 'South Kasipul'),
(1223, 245, 1223, 'Central Kasipul'),
(1224, 245, 1224, 'East Kamagak'),
(1225, 245, 1225, 'West Kamagak'),
(1226, 246, 1226, 'Kabondo East'),
(1227, 246, 1227, 'Kabondo West'),
(1228, 246, 1228, 'Kokwanyo/Kakelo'),
(1229, 246, 1229, 'Kojwach'),
(1230, 247, 1230, 'West Karachuonyo'),
(1231, 247, 1231, 'North Karachuonyo'),
(1232, 247, 1232, 'Central'),
(1233, 247, 1233, 'Kanyaluo'),
(1234, 247, 1234, 'Kibiri'),
(1235, 247, 1235, 'Wangchieng'),
(1236, 247, 1236, 'Kendu Bay Town'),
(1237, 248, 1237, 'West Gem'),
(1238, 248, 1238, 'East Gem'),
(1239, 248, 1239, 'Kagan'),
(1240, 248, 1240, 'Kochia'),
(1241, 249, 1241, 'Homa Bay Central'),
(1242, 249, 1242, 'Homa Bay Arujo'),
(1243, 249, 1243, 'Homa Bay West'),
(1244, 249, 1244, 'Homa Bay East'),
(1245, 250, 1245, 'Kwabwai'),
(1246, 250, 1246, 'Kanyadoto'),
(1247, 250, 1247, 'Kanyikela'),
(1248, 250, 1248, 'Kabuoch North'),
(1249, 250, 1249, 'Kabuoch South/Pala'),
(1250, 250, 1250, 'Kanyamwa Kologi'),
(1251, 250, 1251, 'Kanyamwa Kosewe'),
(1252, 251, 1252, 'Mfangano Island'),
(1253, 251, 1253, 'Rusinga Island'),
(1254, 251, 1254, 'Kasgunga'),
(1255, 251, 1255, 'Gembe'),
(1256, 251, 1256, 'Lambwe'),
(1257, 252, 1257, 'Gwassi South'),
(1258, 252, 1258, 'Gwassi North'),
(1259, 252, 1259, 'Kaksingri West'),
(1260, 252, 1260, 'Ruma-Kaksingri'),
(1261, 253, 1261, 'North Kamagambo'),
(1262, 253, 1262, 'Central Kamagambo'),
(1263, 253, 1263, 'East Kamagambo'),
(1264, 253, 1264, 'South Kamagambo'),
(1265, 254, 1265, 'North Sakwa'),
(1266, 254, 1266, 'South Sakwa'),
(1267, 254, 1267, 'West Sakwa'),
(1268, 254, 1268, 'Central Sakwa'),
(1269, 255, 1269, 'God Jope'),
(1270, 255, 1270, 'Suna Central'),
(1271, 255, 1271, 'Kakrao'),
(1272, 255, 1272, 'Kwa'),
(1273, 256, 1273, 'Wiga'),
(1274, 256, 1274, 'Wasweta Ii'),
(1275, 256, 1275, 'Ragana-Oruba'),
(1276, 256, 1276, 'Wasimbete'),
(1277, 257, 1277, 'West Kanyamkago'),
(1278, 257, 1278, 'North Kanyamkago'),
(1279, 257, 1279, 'Central Kanyamkago'),
(1280, 257, 1280, 'South Kanyamkago'),
(1281, 257, 1281, 'East Kanyamkago'),
(1282, 258, 1282, 'Kachieng'),
(1283, 258, 1283, 'Kanyasa'),
(1284, 258, 1284, 'North Kadem'),
(1285, 258, 1285, 'Macalder/Kanyarwanda'),
(1286, 258, 1286, 'Kaler'),
(1287, 258, 1287, 'Got Kachola'),
(1288, 258, 1288, 'Muhuru'),
(1289, 259, 1289, 'Bukira East'),
(1290, 259, 1290, 'Bukira Centrl/Ikerege'),
(1291, 259, 1291, 'Isibania'),
(1292, 259, 1292, 'Makerero'),
(1293, 259, 1293, 'Masaba'),
(1294, 259, 1294, 'Tagare'),
(1295, 259, 1295, 'Nyamosense/Komosoko'),
(1296, 260, 1296, 'Gokeharaka/Getambwega'),
(1297, 260, 1297, 'Ntimaru West'),
(1298, 260, 1298, 'Ntimaru East'),
(1299, 260, 1299, 'Nyabasi East'),
(1300, 260, 1300, 'Nyabasi West'),
(1301, 261, 1301, 'Bomariba'),
(1302, 261, 1302, 'Bogiakumu'),
(1303, 261, 1303, 'Bomorenda'),
(1304, 261, 1304, 'Riana'),
(1305, 262, 1305, 'Tabaka'),
(1306, 262, 1306, 'Boikanga'),
(1307, 262, 1307, 'Bogetenga'),
(1308, 262, 1308, 'Borabu / Chitago'),
(1309, 262, 1309, 'Moticho'),
(1310, 262, 1310, 'Getenga'),
(1311, 263, 1311, 'Bombaba Borabu'),
(1312, 263, 1312, 'Boochi Borabu'),
(1313, 263, 1313, 'Bokimonge'),
(1314, 263, 1314, 'Magenche'),
(1315, 264, 1315, 'Masige West'),
(1316, 264, 1316, 'Masige East'),
(1317, 264, 1317, 'Basi Central'),
(1318, 264, 1318, 'Nyacheki'),
(1319, 264, 1319, 'Basi Bogetaorio'),
(1320, 264, 1320, 'Bobasi Chache'),
(1321, 264, 1321, 'Sameta/Mokwerero'),
(1322, 264, 1322, 'Bobasi Boitangare'),
(1323, 265, 1323, 'Majoge Basi'),
(1324, 265, 1324, 'Boochi/Tendere'),
(1325, 265, 1325, 'Bosoti/Sengera'),
(1326, 266, 1326, 'Ichuni'),
(1327, 266, 1327, 'Nyamasibi'),
(1328, 266, 1328, 'Masimba'),
(1329, 266, 1329, 'Gesusu'),
(1330, 266, 1330, 'Kiamokama'),
(1331, 267, 1331, 'Bobaracho'),
(1332, 267, 1332, 'Kisii Central'),
(1333, 267, 1333, 'Keumbu'),
(1334, 267, 1334, 'Kiogoro'),
(1335, 267, 1335, 'Birongo'),
(1336, 267, 1336, 'Ibeno'),
(1337, 268, 1337, 'Monyerero'),
(1338, 268, 1338, 'Sensi'),
(1339, 268, 1339, 'Marani'),
(1340, 268, 1340, 'Kegogi'),
(1341, 269, 1341, 'Bogusero'),
(1342, 269, 1342, 'Bogeka'),
(1343, 269, 1343, 'Nyakoe'),
(1344, 269, 1344, 'Kitutu   Central'),
(1345, 269, 1345, 'Nyatieko'),
(1346, 270, 1346, 'Rigoma'),
(1347, 270, 1347, 'Gachuba'),
(1348, 270, 1348, 'Kemera'),
(1349, 270, 1349, 'Magombo'),
(1350, 270, 1350, 'Manga'),
(1351, 270, 1351, 'Gesima'),
(1352, 271, 1352, 'Nyamaiya'),
(1353, 271, 1353, 'Bogichora'),
(1354, 271, 1354, 'Bosamaro'),
(1355, 271, 1355, 'Bonyamatuta'),
(1356, 271, 1356, 'Township'),
(1357, 272, 1357, 'Itibo'),
(1358, 272, 1358, 'Bomwagamo'),
(1359, 272, 1359, 'Bokeira'),
(1360, 272, 1360, 'Magwagwa'),
(1361, 272, 1361, 'Ekerenyo'),
(1362, 273, 1362, 'Mekenene'),
(1363, 273, 1363, 'Kiabonyoru'),
(1364, 273, 1364, 'Nyansiongo'),
(1365, 273, 1365, 'Esise'),
(1366, 274, 1366, 'Kitisuru'),
(1367, 274, 1367, 'Parklands/Highridge'),
(1368, 274, 1368, 'Karura'),
(1369, 274, 1369, 'Kangemi'),
(1370, 274, 1370, 'Mountain View'),
(1371, 275, 1371, 'Kilimani'),
(1372, 275, 1372, 'Kawangware'),
(1373, 275, 1373, 'Gatina'),
(1374, 275, 1374, 'Kileleshwa'),
(1375, 275, 1375, 'Kabiro'),
(1376, 276, 1376, 'Mutu-Ini'),
(1377, 276, 1377, 'Ngando'),
(1378, 276, 1378, 'Riruta'),
(1379, 276, 1379, 'Uthiru/Ruthimitu'),
(1380, 276, 1380, 'Waithaka'),
(1381, 277, 1381, 'Karen'),
(1382, 277, 1382, 'Nairobi West'),
(1383, 277, 1383, 'Mugumu-Ini'),
(1384, 277, 1384, 'South C'),
(1385, 277, 1385, 'Nyayo Highrise'),
(1386, 278, 1386, 'Laini Saba'),
(1387, 278, 1387, 'Lindi'),
(1388, 278, 1388, 'Makina'),
(1389, 278, 1389, 'Woodley/Kenyatta Golf Course'),
(1390, 278, 1390, 'Sarangombe'),
(1391, 279, 1391, 'Githurai'),
(1392, 279, 1392, 'Kahawa West'),
(1393, 279, 1393, 'Zimmerman'),
(1394, 279, 1394, 'Roysambu'),
(1395, 279, 1395, 'Kahawa'),
(1396, 280, 1396, 'Clay City'),
(1397, 280, 1397, 'Mwiki'),
(1398, 280, 1398, 'Kasarani'),
(1399, 280, 1399, 'Njiru'),
(1400, 280, 1400, 'Ruai'),
(1401, 281, 1401, 'Baba Dogo'),
(1402, 281, 1402, 'Utalii'),
(1403, 281, 1403, 'Mathare North'),
(1404, 281, 1404, 'Lucky Summer'),
(1405, 281, 1405, 'Korogocho'),
(1406, 282, 1406, 'Imara Daima'),
(1407, 282, 1407, 'Kwa Njenga'),
(1408, 282, 1408, 'Kwa Reuben'),
(1409, 282, 1409, 'Pipeline'),
(1410, 282, 1410, 'Kware'),
(1411, 283, 1411, 'Kariobangi North'),
(1412, 283, 1412, 'Dandora Area I'),
(1413, 283, 1413, 'Dandora Area Ii'),
(1414, 283, 1414, 'Dandora Area Iii'),
(1415, 283, 1415, 'Dandora Area Iv'),
(1416, 284, 1416, 'Kayole North'),
(1417, 284, 1417, 'Kayole Central'),
(1418, 284, 1418, 'Kayole South'),
(1419, 284, 1419, 'Komarock'),
(1420, 284, 1420, 'Matopeni/Spring Valley'),
(1421, 285, 1421, 'Upper Savannah'),
(1422, 285, 1422, 'Lower Savannah'),
(1423, 285, 1423, 'Embakasi'),
(1424, 285, 1424, 'Utawala'),
(1425, 285, 1425, 'Mihango'),
(1426, 286, 1426, 'Umoja I'),
(1427, 286, 1427, 'Umoja Ii'),
(1428, 286, 1428, 'Mowlem'),
(1429, 286, 1429, 'Kariobangi South'),
(1430, 287, 1430, 'Maringo/Hamza'),
(1431, 287, 1431, 'Viwandani'),
(1432, 287, 1432, 'Harambee'),
(1433, 287, 1433, 'Makongeni'),
(1434, 288, 1434, 'Pumwani'),
(1435, 288, 1435, 'Eastleigh North'),
(1436, 288, 1436, 'Eastleigh South'),
(1437, 288, 1437, 'Airbase'),
(1438, 288, 1438, 'California'),
(1439, 289, 1439, 'Nairobi Central'),
(1440, 289, 1440, 'Ngara'),
(1441, 289, 1441, 'Pangani'),
(1442, 289, 1442, 'Ziwani/Kariokor'),
(1443, 289, 1443, 'Landimawe'),
(1444, 289, 1444, 'Nairobi South'),
(1445, 290, 1445, 'Hospital'),
(1446, 290, 1446, 'Mabatini'),
(1447, 290, 1447, 'Huruma'),
(1448, 290, 1448, 'Ngei'),
(1449, 290, 1449, 'Mlango Kubwa'),
(1450, 290, 1450, 'Kiamaiko'),
(1451, 291, 5000, 'Tanzania'),
(1452, 291, 5001, 'Uganda'),
(1453, 291, 5002, 'Rwanda'),
(1454, 291, 5003, 'Burundi'),
(1455, 291, 5004, 'South Africa'),
(1456, 292, 1451, 'Prisons');

--
-- Indexes for dumped tables
--

--
-- Indexes for table `constituencies`
--
ALTER TABLE `constituencies`
  ADD PRIMARY KEY (`id`);

--
-- Indexes for table `counties`
--
ALTER TABLE `counties`
  ADD PRIMARY KEY (`id`);

--
-- Indexes for table `former_provinces`
--
ALTER TABLE `former_provinces`
  ADD PRIMARY KEY (`entry_id`);

--
-- Indexes for table `postal_codes`
--
ALTER TABLE `postal_codes`
  ADD PRIMARY KEY (`entry_id`);

--
-- Indexes for table `postal_codes_past`
--
ALTER TABLE `postal_codes_past`
  ADD PRIMARY KEY (`id`);

--
-- Indexes for table `sub_counties`
--
ALTER TABLE `sub_counties`
  ADD PRIMARY KEY (`id`);

--
-- Indexes for table `wards`
--
ALTER TABLE `wards`
  ADD PRIMARY KEY (`id`);

--
-- AUTO_INCREMENT for dumped tables
--

--
-- AUTO_INCREMENT for table `constituencies`
--
ALTER TABLE `constituencies`
  MODIFY `id` int(11) NOT NULL AUTO_INCREMENT, AUTO_INCREMENT=293;

--
-- AUTO_INCREMENT for table `counties`
--
ALTER TABLE `counties`
  MODIFY `id` int(11) NOT NULL AUTO_INCREMENT, AUTO_INCREMENT=50;

--
-- AUTO_INCREMENT for table `former_provinces`
--
ALTER TABLE `former_provinces`
  MODIFY `entry_id` int(255) NOT NULL AUTO_INCREMENT, AUTO_INCREMENT=9;

--
-- AUTO_INCREMENT for table `postal_codes`
--
ALTER TABLE `postal_codes`
  MODIFY `entry_id` int(11) NOT NULL AUTO_INCREMENT, AUTO_INCREMENT=984;

--
-- AUTO_INCREMENT for table `postal_codes_past`
--
ALTER TABLE `postal_codes_past`
  MODIFY `id` int(11) NOT NULL AUTO_INCREMENT, AUTO_INCREMENT=631;

--
-- AUTO_INCREMENT for table `sub_counties`
--
ALTER TABLE `sub_counties`
  MODIFY `id` int(11) NOT NULL AUTO_INCREMENT, AUTO_INCREMENT=322;

--
-- AUTO_INCREMENT for table `wards`
--
ALTER TABLE `wards`
  MODIFY `id` int(11) NOT NULL AUTO_INCREMENT, AUTO_INCREMENT=1457;
COMMIT;

/*!40101 SET CHARACTER_SET_CLIENT=@OLD_CHARACTER_SET_CLIENT */;
/*!40101 SET CHARACTER_SET_RESULTS=@OLD_CHARACTER_SET_RESULTS */;
/*!40101 SET COLLATION_CONNECTION=@OLD_COLLATION_CONNECTION */;
